WP_125288742.1|csp22_consensus|Full_Seq|Erwinia|Erwinia_spp_198|16930	WP_125288742.1|csp22_consensus|Full_Seq|Erwinia|Erwinia_spp_198|16930
WP_125288742.1|csp22_consensus|Full_Seq|Erwinia|Erwinia_spp_198|16930	WP_014543870.1|csp22_consensus|Full_Seq|Erwinia|Erwinia_pyrifoliae_DSM12163|142
WP_125288742.1|csp22_consensus|Full_Seq|Erwinia|Erwinia_spp_198|16930	WP_014543870.1|csp22_consensus|Full_Seq|Erwinia|Erwinia_pyrifoliae_Ep1/96|159
WP_125288742.1|csp22_consensus|Full_Seq|Erwinia|Erwinia_spp_198|16930	WP_004156882.1|csp22_consensus|Full_Seq|Erwinia|Erwinia_amylovora_CFPB1430|194
WP_125288742.1|csp22_consensus|Full_Seq|Erwinia|Erwinia_spp_198|16930	WP_014543870.1|csp22_consensus|Full_Seq|Erwinia|Erwinia_spp_Ejp617|308
WP_125288742.1|csp22_consensus|Full_Seq|Erwinia|Erwinia_spp_198|16930	WP_013201507.1|csp22_consensus|Full_Seq|Erwinia|Erwinia_billingiae_Eb661|394
WP_125288742.1|csp22_consensus|Full_Seq|Erwinia|Erwinia_spp_198|16930	WP_004156882.1|csp22_consensus|Full_Seq|Erwinia|Erwinia_amylovora_ACW56400|547
WP_125288742.1|csp22_consensus|Full_Seq|Erwinia|Erwinia_spp_198|16930	WP_017802441.1|csp22_consensus|Full_Seq|Erwinia|Erwinia_toletana_DAPP-PG735|1251
WP_125288742.1|csp22_consensus|Full_Seq|Erwinia|Erwinia_spp_198|16930	WP_004156882.1|csp22_consensus|Full_Seq|Erwinia|Erwinia_amylovora_Ea356|1442
WP_125288742.1|csp22_consensus|Full_Seq|Erwinia|Erwinia_spp_198|16930	WP_004156882.1|csp22_consensus|Full_Seq|Erwinia|Erwinia_amylovora_Ea266|1451
WP_125288742.1|csp22_consensus|Full_Seq|Erwinia|Erwinia_spp_198|16930	WP_004156882.1|csp22_consensus|Full_Seq|Erwinia|Erwinia_amylovora_CFBP2585|1460
WP_125288742.1|csp22_consensus|Full_Seq|Erwinia|Erwinia_spp_198|16930	WP_004156882.1|csp22_consensus|Full_Seq|Erwinia|Erwinia_amylovora_CFBP1232|1468
WP_125288742.1|csp22_consensus|Full_Seq|Erwinia|Erwinia_spp_198|16930	WP_004156882.1|csp22_consensus|Full_Seq|Erwinia|Erwinia_amylovora_UPN527|1478
WP_125288742.1|csp22_consensus|Full_Seq|Erwinia|Erwinia_spp_198|16930	WP_004156882.1|csp22_consensus|Full_Seq|Erwinia|Erwinia_amylovora_Ea644|1484
WP_125288742.1|csp22_consensus|Full_Seq|Erwinia|Erwinia_spp_198|16930	WP_004156882.1|csp22_consensus|Full_Seq|Erwinia|Erwinia_amylovora_LA637|2057
WP_125288742.1|csp22_consensus|Full_Seq|Erwinia|Erwinia_spp_198|16930	WP_004156882.1|csp22_consensus|Full_Seq|Erwinia|Erwinia_amylovora_LA636|2066
WP_125288742.1|csp22_consensus|Full_Seq|Erwinia|Erwinia_spp_198|16930	WP_004156882.1|csp22_consensus|Full_Seq|Erwinia|Erwinia_amylovora_LA635|2075
WP_125288742.1|csp22_consensus|Full_Seq|Erwinia|Erwinia_spp_198|16930	WP_034941210.1|csp22_consensus|Full_Seq|Erwinia|Erwinia_mallotivora_BT-MARDI|2251
WP_125288742.1|csp22_consensus|Full_Seq|Erwinia|Erwinia_spp_198|16930	WP_034913763.1|csp22_consensus|Full_Seq|Erwinia|Erwinia_spp_9145|2586
WP_125288742.1|csp22_consensus|Full_Seq|Erwinia|Erwinia_spp_198|16930	WP_034913763.1|csp22_consensus|Full_Seq|Erwinia|Erwinia_oleae_DAPP-PG531|2884
WP_125288742.1|csp22_consensus|Full_Seq|Erwinia|Erwinia_spp_198|16930	WP_013201507.1|csp22_consensus|Full_Seq|Erwinia|Erwinia_billingiae_OSU19-1|4881
WP_125288742.1|csp22_consensus|Full_Seq|Erwinia|Erwinia_spp_198|16930	WP_056236922.1|csp22_consensus|Full_Seq|Erwinia|Erwinia_spp_Leaf53|5740
WP_125288742.1|csp22_consensus|Full_Seq|Erwinia|Erwinia_spp_198|16930	WP_067429160.1|csp22_consensus|Full_Seq|Erwinia|Erwinia_gerundensis_E_g_EM595|6202
WP_125288742.1|csp22_consensus|Full_Seq|Erwinia|Erwinia_spp_198|16930	WP_062746723.1|csp22_consensus|Full_Seq|Erwinia|Erwinia_persicina_NBRC102418|6572
WP_125288742.1|csp22_consensus|Full_Seq|Erwinia|Erwinia_spp_198|16930	WP_004156882.1|csp22_consensus|Full_Seq|Erwinia|Erwinia_amylovora_VTDMSF02|9329
WP_125288742.1|csp22_consensus|Full_Seq|Erwinia|Erwinia_spp_198|16930	WP_004156882.1|csp22_consensus|Full_Seq|Erwinia|Erwinia_amylovora_MAGFLF2|9338
WP_125288742.1|csp22_consensus|Full_Seq|Erwinia|Erwinia_spp_198|16930	WP_143354318.1|csp22_consensus|Full_Seq|Erwinia|Erwinia_amylovora_MAGFLF2|9343
WP_125288742.1|csp22_consensus|Full_Seq|Erwinia|Erwinia_spp_198|16930	WP_004156882.1|csp22_consensus|Full_Seq|Erwinia|Erwinia_amylovora_CTBT3-1|9348
WP_125288742.1|csp22_consensus|Full_Seq|Erwinia|Erwinia_spp_198|16930	WP_004156882.1|csp22_consensus|Full_Seq|Erwinia|Erwinia_amylovora_WSDA87-73|9357
WP_125288742.1|csp22_consensus|Full_Seq|Erwinia|Erwinia_spp_198|16930	WP_004156882.1|csp22_consensus|Full_Seq|Erwinia|Erwinia_amylovora_NHSB01-1|9366
WP_125288742.1|csp22_consensus|Full_Seq|Erwinia|Erwinia_spp_198|16930	WP_004156882.1|csp22_consensus|Full_Seq|Erwinia|Erwinia_amylovora_VTBL01-1|9375
WP_125288742.1|csp22_consensus|Full_Seq|Erwinia|Erwinia_spp_198|16930	WP_004156882.1|csp22_consensus|Full_Seq|Erwinia|Erwinia_amylovora_LA092|9384
WP_125288742.1|csp22_consensus|Full_Seq|Erwinia|Erwinia_spp_198|16930	WP_004156882.1|csp22_consensus|Full_Seq|Erwinia|Erwinia_amylovora_CTST01-1|9393
WP_125288742.1|csp22_consensus|Full_Seq|Erwinia|Erwinia_spp_198|16930	WP_004156882.1|csp22_consensus|Full_Seq|Erwinia|Erwinia_amylovora_CTMF03-1|9401
WP_125288742.1|csp22_consensus|Full_Seq|Erwinia|Erwinia_spp_198|16930	WP_004156882.1|csp22_consensus|Full_Seq|Erwinia|Erwinia_amylovora_CA3R|9411
WP_125288742.1|csp22_consensus|Full_Seq|Erwinia|Erwinia_spp_198|16930	WP_004156882.1|csp22_consensus|Full_Seq|Erwinia|Erwinia_amylovora_RISTBO01-2|9420
WP_125288742.1|csp22_consensus|Full_Seq|Erwinia|Erwinia_spp_198|16930	WP_004156882.1|csp22_consensus|Full_Seq|Erwinia|Erwinia_amylovora_CTBT1-1|9429
WP_125288742.1|csp22_consensus|Full_Seq|Erwinia|Erwinia_spp_198|16930	WP_004156882.1|csp22_consensus|Full_Seq|Erwinia|Erwinia_amylovora_UT5P4|9438
WP_125288742.1|csp22_consensus|Full_Seq|Erwinia|Erwinia_spp_198|16930	WP_004156882.1|csp22_consensus|Full_Seq|Erwinia|Erwinia_amylovora_OR6|9447
WP_125288742.1|csp22_consensus|Full_Seq|Erwinia|Erwinia_spp_198|16930	WP_004156882.1|csp22_consensus|Full_Seq|Erwinia|Erwinia_amylovora_NHWL02-2|9456
WP_125288742.1|csp22_consensus|Full_Seq|Erwinia|Erwinia_spp_198|16930	WP_004156882.1|csp22_consensus|Full_Seq|Erwinia|Erwinia_amylovora_OR1|9465
WP_125288742.1|csp22_consensus|Full_Seq|Erwinia|Erwinia_spp_198|16930	WP_004156882.1|csp22_consensus|Full_Seq|Erwinia|Erwinia_amylovora_MANB02-1|9474
WP_125288742.1|csp22_consensus|Full_Seq|Erwinia|Erwinia_spp_198|16930	WP_004156882.1|csp22_consensus|Full_Seq|Erwinia|Erwinia_amylovora_EA110|9483
WP_125288742.1|csp22_consensus|Full_Seq|Erwinia|Erwinia_spp_198|16930	WP_099705226.1|csp22_consensus|Full_Seq|Erwinia|Erwinia_spp_OLCASP19|9610
WP_125288742.1|csp22_consensus|Full_Seq|Erwinia|Erwinia_spp_198|16930	WP_099705226.1|csp22_consensus|Full_Seq|Erwinia|Erwinia_spp_OLMTSP26|9616
WP_125288742.1|csp22_consensus|Full_Seq|Erwinia|Erwinia_spp_198|16930	WP_099705226.1|csp22_consensus|Full_Seq|Erwinia|Erwinia_spp_OLMDSP33|9622
WP_125288742.1|csp22_consensus|Full_Seq|Erwinia|Erwinia_spp_198|16930	WP_099705226.1|csp22_consensus|Full_Seq|Erwinia|Erwinia_spp_OLSSP12|9628
WP_125288742.1|csp22_consensus|Full_Seq|Erwinia|Erwinia_spp_198|16930	WP_099705226.1|csp22_consensus|Full_Seq|Erwinia|Erwinia_spp_OLTSP20|9634
WP_125288742.1|csp22_consensus|Full_Seq|Erwinia|Erwinia_spp_198|16930	WP_099705226.1|csp22_consensus|Full_Seq|Erwinia|Erwinia_spp_OLFS4|9640
WP_125288742.1|csp22_consensus|Full_Seq|Erwinia|Erwinia_spp_198|16930	WP_099705226.1|csp22_consensus|Full_Seq|Erwinia|Erwinia_spp_OAMSP11|9646
WP_125288742.1|csp22_consensus|Full_Seq|Erwinia|Erwinia_spp_198|16930	WP_004156882.1|csp22_consensus|Full_Seq|Erwinia|Erwinia_amylovora_E-2|9814
WP_125288742.1|csp22_consensus|Full_Seq|Erwinia|Erwinia_spp_198|16930	WP_056236922.1|csp22_consensus|Full_Seq|Erwinia|Erwinia_spp_B116|9958
WP_125288742.1|csp22_consensus|Full_Seq|Erwinia|Erwinia_spp_198|16930	WP_014543870.1|csp22_consensus|Full_Seq|Erwinia|Erwinia_pyrifoliae_EpK1/15|11402
WP_125288742.1|csp22_consensus|Full_Seq|Erwinia|Erwinia_spp_198|16930	WP_013201507.1|csp22_consensus|Full_Seq|Erwinia|Erwinia_billingiae_MYb121|11460
WP_125288742.1|csp22_consensus|Full_Seq|Erwinia|Erwinia_spp_198|16930	WP_038914074.1|csp22_consensus|Full_Seq|Erwinia|Erwinia_spp_AG740|11800
WP_125288742.1|csp22_consensus|Full_Seq|Erwinia|Erwinia_spp_198|16930	WP_062746723.1|csp22_consensus|Full_Seq|Erwinia|Erwinia_persicina_B64|14400
WP_125288742.1|csp22_consensus|Full_Seq|Erwinia|Erwinia_spp_198|16930	WP_123332448.1|csp22_consensus|Full_Seq|Erwinia|Erwinia_spp_JUb26|16456
WP_125288742.1|csp22_consensus|Full_Seq|Erwinia|Erwinia_spp_198|16930	WP_124233115.1|csp22_consensus|Full_Seq|Erwinia|Erwinia_psidii_IBSBF435|16574
WP_125288742.1|csp22_consensus|Full_Seq|Erwinia|Erwinia_spp_198|16930	WP_004156882.1|csp22_consensus|Full_Seq|Erwinia|Erwinia_amylovora_Ea321|16997
WP_125288742.1|csp22_consensus|Full_Seq|Erwinia|Erwinia_spp_198|16930	WP_004156882.1|csp22_consensus|Full_Seq|Erwinia|Erwinia_amylovora_HKN06P1|17358
WP_125288742.1|csp22_consensus|Full_Seq|Erwinia|Erwinia_spp_198|16930	WP_133841057.1|csp22_consensus|Full_Seq|Erwinia|Erwinia_rhapontici_BIGb0435|17973
WP_125288742.1|csp22_consensus|Full_Seq|Erwinia|Erwinia_spp_198|16930	WP_013201507.1|csp22_consensus|Full_Seq|Erwinia|Erwinia_spp_QL-Z3|18036
WP_125288742.1|csp22_consensus|Full_Seq|Erwinia|Erwinia_spp_198|16930	WP_062746723.1|csp22_consensus|Full_Seq|Erwinia|Erwinia_persicina_CFBP13511|18164
WP_125288742.1|csp22_consensus|Full_Seq|Erwinia|Erwinia_spp_198|16930	WP_013201507.1|csp22_consensus|Full_Seq|Erwinia|Erwinia_billingiae_TH88|18943
WP_125288742.1|csp22_consensus|Full_Seq|Erwinia|Erwinia_spp_198|16930	WP_152320268.1|csp22_consensus|Full_Seq|Erwinia|Erwinia_endophytica_A41C3|19064
WP_125288742.1|csp22_consensus|Full_Seq|Erwinia|Erwinia_spp_198|16930	WP_154777201.1|csp22_consensus|Full_Seq|Erwinia|Erwinia_spp_CPCC100877|19221
WP_125288742.1|csp22_consensus|Full_Seq|Erwinia|Erwinia_spp_198|16930	WP_154751955.1|csp22_consensus|Full_Seq|Erwinia|Erwinia_spp_J316|19229
WP_125288742.1|csp22_consensus|Full_Seq|Erwinia|Erwinia_spp_198|16930	WP_154751955.1|csp22_consensus|Full_Seq|Erwinia|Erwinia_spp_J780|19259
WP_125288742.1|csp22_consensus|Full_Seq|Erwinia|Erwinia_spp_198|16930	WP_133841057.1|csp22_consensus|Full_Seq|Erwinia|Erwinia_rhapontici_CGMCC1.6978|19649
WP_125288742.1|csp22_consensus|Full_Seq|Erwinia|Erwinia_spp_198|16930	WP_133841057.1|csp22_consensus|Full_Seq|Erwinia|Erwinia_rhapontici_H1|20320
WP_125288742.1|csp22_consensus|Full_Seq|Erwinia|Erwinia_spp_198|16930	WP_004156882.1|csp22_consensus|Full_Seq|Erwinia|Erwinia_amylovora_P-C-3b|20377
WP_125288742.1|csp22_consensus|Full_Seq|Erwinia|Erwinia_spp_198|16930	WP_004156882.1|csp22_consensus|Full_Seq|Erwinia|Erwinia_amylovora_IVIA2303|20384
WP_125288742.1|csp22_consensus|Full_Seq|Erwinia|Erwinia_spp_198|16930	WP_004156882.1|csp22_consensus|Full_Seq|Erwinia|Erwinia_amylovora_O-RG-21|20391
WP_125288742.1|csp22_consensus|Full_Seq|Erwinia|Erwinia_spp_198|16930	WP_004156882.1|csp22_consensus|Full_Seq|Erwinia|Erwinia_amylovora_EaLevo2|20396
WP_125288742.1|csp22_consensus|Full_Seq|Erwinia|Erwinia_spp_198|16930	WP_004156882.1|csp22_consensus|Full_Seq|Erwinia|Erwinia_amylovora_EaG5|20406
WP_125288742.1|csp22_consensus|Full_Seq|Erwinia|Erwinia_spp_198|16930	WP_004156882.1|csp22_consensus|Full_Seq|Erwinia|Erwinia_amylovora_EaA-11|20414
WP_125288742.1|csp22_consensus|Full_Seq|Erwinia|Erwinia_spp_198|16930	WP_004156882.1|csp22_consensus|Full_Seq|Erwinia|Erwinia_amylovora_Ea8-96|20420
WP_125288742.1|csp22_consensus|Full_Seq|Erwinia|Erwinia_spp_198|16930	WP_004156882.1|csp22_consensus|Full_Seq|Erwinia|Erwinia_amylovora_Ea92-1-2|20430
WP_125288742.1|csp22_consensus|Full_Seq|Erwinia|Erwinia_spp_198|16930	WP_004156882.1|csp22_consensus|Full_Seq|Erwinia|Erwinia_amylovora_Ea6-97|20438
WP_125288742.1|csp22_consensus|Full_Seq|Erwinia|Erwinia_spp_198|16930	WP_004156882.1|csp22_consensus|Full_Seq|Erwinia|Erwinia_amylovora_Ea650|20447
WP_125288742.1|csp22_consensus|Full_Seq|Erwinia|Erwinia_spp_198|16930	WP_004156882.1|csp22_consensus|Full_Seq|Erwinia|Erwinia_amylovora_Ea5-97|20455
WP_125288742.1|csp22_consensus|Full_Seq|Erwinia|Erwinia_spp_198|16930	WP_004156882.1|csp22_consensus|Full_Seq|Erwinia|Erwinia_amylovora_Ea4-96|20461
WP_125288742.1|csp22_consensus|Full_Seq|Erwinia|Erwinia_spp_198|16930	WP_004156882.1|csp22_consensus|Full_Seq|Erwinia|Erwinia_amylovora_Ea4-97|20471
WP_125288742.1|csp22_consensus|Full_Seq|Erwinia|Erwinia_spp_198|16930	WP_004156882.1|csp22_consensus|Full_Seq|Erwinia|Erwinia_amylovora_Ea440|20478
WP_125288742.1|csp22_consensus|Full_Seq|Erwinia|Erwinia_spp_198|16930	WP_004156882.1|csp22_consensus|Full_Seq|Erwinia|Erwinia_amylovora_Ea435|20486
WP_125288742.1|csp22_consensus|Full_Seq|Erwinia|Erwinia_spp_198|16930	WP_004156882.1|csp22_consensus|Full_Seq|Erwinia|Erwinia_amylovora_Ea3a-H1-II|20493
WP_125288742.1|csp22_consensus|Full_Seq|Erwinia|Erwinia_spp_198|16930	WP_004156882.1|csp22_consensus|Full_Seq|Erwinia|Erwinia_amylovora_Ea367|20501
WP_125288742.1|csp22_consensus|Full_Seq|Erwinia|Erwinia_spp_198|16930	WP_004156882.1|csp22_consensus|Full_Seq|Erwinia|Erwinia_amylovora_Ea3-97|20507
WP_125288742.1|csp22_consensus|Full_Seq|Erwinia|Erwinia_spp_198|16930	WP_004156882.1|csp22_consensus|Full_Seq|Erwinia|Erwinia_amylovora_Ea315-1|20517
WP_125288742.1|csp22_consensus|Full_Seq|Erwinia|Erwinia_spp_198|16930	WP_004156882.1|csp22_consensus|Full_Seq|Erwinia|Erwinia_amylovora_Ea2-97|20522
WP_125288742.1|csp22_consensus|Full_Seq|Erwinia|Erwinia_spp_198|16930	WP_004156882.1|csp22_consensus|Full_Seq|Erwinia|Erwinia_amylovora_Ea29-7|20532
WP_125288742.1|csp22_consensus|Full_Seq|Erwinia|Erwinia_spp_198|16930	WP_004156882.1|csp22_consensus|Full_Seq|Erwinia|Erwinia_amylovora_Ea2-95|20537
WP_125288742.1|csp22_consensus|Full_Seq|Erwinia|Erwinia_spp_198|16930	WP_004156882.1|csp22_consensus|Full_Seq|Erwinia|Erwinia_amylovora_Ea1-98|20544
WP_125288742.1|csp22_consensus|Full_Seq|Erwinia|Erwinia_spp_198|16930	WP_004156882.1|csp22_consensus|Full_Seq|Erwinia|Erwinia_amylovora_Ea1-97|20552
WP_125288742.1|csp22_consensus|Full_Seq|Erwinia|Erwinia_spp_198|16930	WP_004156882.1|csp22_consensus|Full_Seq|Erwinia|Erwinia_amylovora_Ea1-95|20560
WP_125288742.1|csp22_consensus|Full_Seq|Erwinia|Erwinia_spp_198|16930	WP_004156882.1|csp22_consensus|Full_Seq|Erwinia|Erwinia_amylovora_Ea169|20570
WP_125288742.1|csp22_consensus|Full_Seq|Erwinia|Erwinia_spp_198|16930	WP_004156882.1|csp22_consensus|Full_Seq|Erwinia|Erwinia_amylovora_Ea160-3-51|20578
WP_125288742.1|csp22_consensus|Full_Seq|Erwinia|Erwinia_spp_198|16930	WP_004156882.1|csp22_consensus|Full_Seq|Erwinia|Erwinia_amylovora_Ea123-5-51|20585
WP_125288742.1|csp22_consensus|Full_Seq|Erwinia|Erwinia_spp_198|16930	WP_004156882.1|csp22_consensus|Full_Seq|Erwinia|Erwinia_amylovora_Ea123-5-51|20593
WP_125288742.1|csp22_consensus|Full_Seq|Erwinia|Erwinia_spp_198|16930	WP_004156882.1|csp22_consensus|Full_Seq|Erwinia|Erwinia_amylovora_Ea116-5-29|20601
WP_125288742.1|csp22_consensus|Full_Seq|Erwinia|Erwinia_spp_198|16930	WP_004156882.1|csp22_consensus|Full_Seq|Erwinia|Erwinia_amylovora_Ea02-03|20606
WP_125288742.1|csp22_consensus|Full_Seq|Erwinia|Erwinia_spp_198|16930	WP_004156882.1|csp22_consensus|Full_Seq|Erwinia|Erwinia_amylovora_Ea03-03|20614
WP_125288742.1|csp22_consensus|Full_Seq|Erwinia|Erwinia_spp_198|16930	WP_004156882.1|csp22_consensus|Full_Seq|Erwinia|Erwinia_amylovora_E2006P|20624
WP_125288742.1|csp22_consensus|Full_Seq|Erwinia|Erwinia_spp_198|16930	WP_004156882.1|csp22_consensus|Full_Seq|Erwinia|Erwinia_amylovora_Ea01-03|20631
WP_125288742.1|csp22_consensus|Full_Seq|Erwinia|Erwinia_spp_198|16930	WP_004156882.1|csp22_consensus|Full_Seq|Erwinia|Erwinia_amylovora_CFBP7131|20638
WP_125288742.1|csp22_consensus|Full_Seq|Erwinia|Erwinia_spp_198|16930	WP_004156882.1|csp22_consensus|Full_Seq|Erwinia|Erwinia_amylovora_CFBP2313|20646
WP_125288742.1|csp22_consensus|Full_Seq|Erwinia|Erwinia_spp_198|16930	WP_004156882.1|csp22_consensus|Full_Seq|Erwinia|Erwinia_amylovora_CFBP7130|20654
WP_125288742.1|csp22_consensus|Full_Seq|Erwinia|Erwinia_spp_198|16930	WP_004156882.1|csp22_consensus|Full_Seq|Erwinia|Erwinia_amylovora_CFBP1995|20662
WP_125288742.1|csp22_consensus|Full_Seq|Erwinia|Erwinia_spp_198|16930	WP_004156882.1|csp22_consensus|Full_Seq|Erwinia|Erwinia_amylovora_BCEa23A|20670
WP_125288742.1|csp22_consensus|Full_Seq|Erwinia|Erwinia_spp_198|16930	WP_004156882.1|csp22_consensus|Full_Seq|Erwinia|Erwinia_amylovora_39-M1-II|20678
WP_125288742.1|csp22_consensus|Full_Seq|Erwinia|Erwinia_spp_198|16930	WP_004156882.1|csp22_consensus|Full_Seq|Erwinia|Erwinia_amylovora_241/07|20687
WP_125288742.1|csp22_consensus|Full_Seq|Erwinia|Erwinia_spp_198|16930	WP_004156882.1|csp22_consensus|Full_Seq|Erwinia|Erwinia_amylovora_3477-1|20695
WP_125288742.1|csp22_consensus|Full_Seq|Erwinia|Erwinia_spp_198|16930	WP_004156882.1|csp22_consensus|Full_Seq|Erwinia|Erwinia_amylovora_1611(BCEa29)|20702
WP_125288742.1|csp22_consensus|Full_Seq|Erwinia|Erwinia_spp_198|16930	WP_004156882.1|csp22_consensus|Full_Seq|Erwinia|Erwinia_amylovora_214/07|20710
WP_125288742.1|csp22_consensus|Full_Seq|Erwinia|Erwinia_spp_198|16930	WP_004156882.1|csp22_consensus|Full_Seq|Erwinia|Erwinia_amylovora_1480-3|20719
WP_125288742.1|csp22_consensus|Full_Seq|Erwinia|Erwinia_spp_198|16930	WP_004156882.1|csp22_consensus|Full_Seq|Erwinia|Erwinia_amylovora_1477-1|20727
WP_125288742.1|csp22_consensus|Full_Seq|Erwinia|Erwinia_spp_198|16930	WP_004156882.1|csp22_consensus|Full_Seq|Erwinia|Erwinia_amylovora_1400-1|20734
WP_125288742.1|csp22_consensus|Full_Seq|Erwinia|Erwinia_spp_198|16930	WP_004156882.1|csp22_consensus|Full_Seq|Erwinia|Erwinia_amylovora_1478-2|20742
WP_125288742.1|csp22_consensus|Full_Seq|Erwinia|Erwinia_spp_198|16930	WP_004156882.1|csp22_consensus|Full_Seq|Erwinia|Erwinia_amylovora_1400-2|20750
WP_125288742.1|csp22_consensus|Full_Seq|Erwinia|Erwinia_spp_198|16930	WP_004156882.1|csp22_consensus|Full_Seq|Erwinia|Erwinia_amylovora_20070270|20758
WP_125288742.1|csp22_consensus|Full_Seq|Erwinia|Erwinia_spp_198|16930	WP_004156882.1|csp22_consensus|Full_Seq|Erwinia|Erwinia_amylovora_20070245|20765
WP_125288742.1|csp22_consensus|Full_Seq|Erwinia|Erwinia_spp_198|16930	WP_004156882.1|csp22_consensus|Full_Seq|Erwinia|Erwinia_amylovora_20070126|20772
WP_125288742.1|csp22_consensus|Full_Seq|Erwinia|Erwinia_spp_198|16930	WP_004156882.1|csp22_consensus|Full_Seq|Erwinia|Erwinia_amylovora_20060013|20779
WP_125288742.1|csp22_consensus|Full_Seq|Erwinia|Erwinia_spp_198|16930	WP_004156882.1|csp22_consensus|Full_Seq|Erwinia|Erwinia_amylovora_1686|20787
WP_125288742.1|csp22_consensus|Full_Seq|Erwinia|Erwinia_spp_198|16930	WP_004156882.1|csp22_consensus|Full_Seq|Erwinia|Erwinia_amylovora_2570|20794
WP_125288742.1|csp22_consensus|Full_Seq|Erwinia|Erwinia_spp_198|16930	WP_004156882.1|csp22_consensus|Full_Seq|Erwinia|Erwinia_amylovora_2558|20802
WP_125288742.1|csp22_consensus|Full_Seq|Erwinia|Erwinia_spp_198|16930	WP_004156882.1|csp22_consensus|Full_Seq|Erwinia|Erwinia_amylovora_1680|20810
WP_125288742.1|csp22_consensus|Full_Seq|Erwinia|Erwinia_spp_198|16930	WP_004156882.1|csp22_consensus|Full_Seq|Erwinia|Erwinia_amylovora_1668|20818
WP_125288742.1|csp22_consensus|Full_Seq|Erwinia|Erwinia_spp_198|16930	WP_004156882.1|csp22_consensus|Full_Seq|Erwinia|Erwinia_amylovora_1617|20825
WP_125288742.1|csp22_consensus|Full_Seq|Erwinia|Erwinia_spp_198|16930	WP_004156882.1|csp22_consensus|Full_Seq|Erwinia|Erwinia_amylovora_1602|20832
WP_125288742.1|csp22_consensus|Full_Seq|Erwinia|Erwinia_spp_198|16930	WP_004156882.1|csp22_consensus|Full_Seq|Erwinia|Erwinia_amylovora_1619|20840
WP_125288742.1|csp22_consensus|Full_Seq|Erwinia|Erwinia_spp_198|16930	WP_004156882.1|csp22_consensus|Full_Seq|Erwinia|Erwinia_amylovora_1612|20847
WP_125288742.1|csp22_consensus|Full_Seq|Erwinia|Erwinia_spp_198|16930	WP_004156882.1|csp22_consensus|Full_Seq|Erwinia|Erwinia_amylovora_1609|20855
WP_125288742.1|csp22_consensus|Full_Seq|Erwinia|Erwinia_spp_198|16930	WP_004156882.1|csp22_consensus|Full_Seq|Erwinia|Erwinia_amylovora_1598|20863
WP_125288742.1|csp22_consensus|Full_Seq|Erwinia|Erwinia_spp_198|16930	WP_004156882.1|csp22_consensus|Full_Seq|Erwinia|Erwinia_amylovora_1486|20870
WP_125288742.1|csp22_consensus|Full_Seq|Erwinia|Erwinia_spp_198|16930	WP_004156882.1|csp22_consensus|Full_Seq|Erwinia|Erwinia_amylovora_1581|20877
WP_125288742.1|csp22_consensus|Full_Seq|Erwinia|Erwinia_spp_198|16930	WP_004156882.1|csp22_consensus|Full_Seq|Erwinia|Erwinia_amylovora_1476|20884
WP_125288742.1|csp22_consensus|Full_Seq|Erwinia|Erwinia_spp_198|16930	WP_004156882.1|csp22_consensus|Full_Seq|Erwinia|Erwinia_amylovora_1279|20892
WP_125288742.1|csp22_consensus|Full_Seq|Erwinia|Erwinia_spp_198|16930	WP_004156882.1|csp22_consensus|Full_Seq|Erwinia|Erwinia_amylovora_1280|20900
WP_125288742.1|csp22_consensus|Full_Seq|Erwinia|Erwinia_spp_198|16930	WP_004156882.1|csp22_consensus|Full_Seq|Erwinia|Erwinia_amylovora_1482|20907
WP_125288742.1|csp22_consensus|Full_Seq|Erwinia|Erwinia_spp_198|16930	WP_004156882.1|csp22_consensus|Full_Seq|Erwinia|Erwinia_amylovora_LA472|20914
WP_125288742.1|csp22_consensus|Full_Seq|Erwinia|Erwinia_spp_198|16930	WP_004156882.1|csp22_consensus|Full_Seq|Erwinia|Erwinia_amylovora_IH-3-1|20922
WP_125288742.1|csp22_consensus|Full_Seq|Erwinia|Erwinia_spp_198|16930	WP_004156882.1|csp22_consensus|Full_Seq|Erwinia|Erwinia_amylovora_Fb-97b|20930
WP_125288742.1|csp22_consensus|Full_Seq|Erwinia|Erwinia_spp_198|16930	WP_004156882.1|csp22_consensus|Full_Seq|Erwinia|Erwinia_amylovora_EaIF|20938
WP_125288742.1|csp22_consensus|Full_Seq|Erwinia|Erwinia_spp_198|16930	WP_004156882.1|csp22_consensus|Full_Seq|Erwinia|Erwinia_amylovora_EaB-110|20946
WP_125288742.1|csp22_consensus|Full_Seq|Erwinia|Erwinia_spp_198|16930	WP_004156882.1|csp22_consensus|Full_Seq|Erwinia|Erwinia_amylovora_EaD-7|20954
WP_125288742.1|csp22_consensus|Full_Seq|Erwinia|Erwinia_spp_198|16930	WP_004156882.1|csp22_consensus|Full_Seq|Erwinia|Erwinia_amylovora_Ea92-1-1|20962
WP_125288742.1|csp22_consensus|Full_Seq|Erwinia|Erwinia_spp_198|16930	WP_004156882.1|csp22_consensus|Full_Seq|Erwinia|Erwinia_amylovora_Ea7-96|20967
WP_125288742.1|csp22_consensus|Full_Seq|Erwinia|Erwinia_spp_198|16930	WP_004156882.1|csp22_consensus|Full_Seq|Erwinia|Erwinia_amylovora_Ea433|20977
WP_125288742.1|csp22_consensus|Full_Seq|Erwinia|Erwinia_spp_198|16930	WP_004156882.1|csp22_consensus|Full_Seq|Erwinia|Erwinia_amylovora_Ea6-96|20982
WP_125288742.1|csp22_consensus|Full_Seq|Erwinia|Erwinia_spp_198|16930	WP_004156882.1|csp22_consensus|Full_Seq|Erwinia|Erwinia_amylovora_Ea464|20992
WP_125288742.1|csp22_consensus|Full_Seq|Erwinia|Erwinia_spp_198|16930	WP_004156882.1|csp22_consensus|Full_Seq|Erwinia|Erwinia_amylovora_Ea6-4|21000
WP_125288742.1|csp22_consensus|Full_Seq|Erwinia|Erwinia_spp_198|16930	WP_004156882.1|csp22_consensus|Full_Seq|Erwinia|Erwinia_amylovora_Ea17-1-1|21008
WP_125288742.1|csp22_consensus|Full_Seq|Erwinia|Erwinia_spp_198|16930	WP_004156882.1|csp22_consensus|Full_Seq|Erwinia|Erwinia_amylovora_Ea160-4-51|21017
WP_125288742.1|csp22_consensus|Full_Seq|Erwinia|Erwinia_spp_198|16930	WP_004156882.1|csp22_consensus|Full_Seq|Erwinia|Erwinia_amylovora_46-4-2|21024
WP_125288742.1|csp22_consensus|Full_Seq|Erwinia|Erwinia_spp_198|16930	WP_004156882.1|csp22_consensus|Full_Seq|Erwinia|Erwinia_amylovora_Ea1-00|21033
WP_125288742.1|csp22_consensus|Full_Seq|Erwinia|Erwinia_spp_198|16930	WP_004156882.1|csp22_consensus|Full_Seq|Erwinia|Erwinia_amylovora_E2005A|21040
WP_125288742.1|csp22_consensus|Full_Seq|Erwinia|Erwinia_spp_198|16930	WP_004156882.1|csp22_consensus|Full_Seq|Erwinia|Erwinia_amylovora_Ea04-03|21045
WP_125288742.1|csp22_consensus|Full_Seq|Erwinia|Erwinia_spp_198|16930	WP_004156882.1|csp22_consensus|Full_Seq|Erwinia|Erwinia_amylovora_3515-1|21055
WP_125288742.1|csp22_consensus|Full_Seq|Erwinia|Erwinia_spp_198|16930	WP_004156882.1|csp22_consensus|Full_Seq|Erwinia|Erwinia_amylovora_39-I-II|21062
WP_125288742.1|csp22_consensus|Full_Seq|Erwinia|Erwinia_spp_198|16930	WP_004156882.1|csp22_consensus|Full_Seq|Erwinia|Erwinia_amylovora_3446-1|21069
WP_125288742.1|csp22_consensus|Full_Seq|Erwinia|Erwinia_spp_198|16930	WP_004156882.1|csp22_consensus|Full_Seq|Erwinia|Erwinia_amylovora_245/07|21077
WP_125288742.1|csp22_consensus|Full_Seq|Erwinia|Erwinia_spp_198|16930	WP_004156882.1|csp22_consensus|Full_Seq|Erwinia|Erwinia_amylovora_FB-307|21200
WP_125288742.1|csp22_consensus|Full_Seq|Erwinia|Erwinia_spp_198|16930	WP_004156882.1|csp22_consensus|Full_Seq|Erwinia|Erwinia_amylovora_TS3238|21209
WP_125288742.1|csp22_consensus|Full_Seq|Erwinia|Erwinia_spp_198|16930	WP_004156882.1|csp22_consensus|Full_Seq|Erwinia|Erwinia_amylovora_FB-207|21218
WP_125288742.1|csp22_consensus|Full_Seq|Erwinia|Erwinia_spp_198|16930	WP_133841057.1|csp22_consensus|Full_Seq|Erwinia|Erwinia_spp_JH02|21267
WP_125288742.1|csp22_consensus|Full_Seq|Erwinia|Erwinia_spp_198|16930	WP_004156882.1|csp22_consensus|Full_Seq|Erwinia|Erwinia_amylovora_TS3128|23349
WP_125288742.1|csp22_consensus|Full_Seq|Erwinia|Erwinia_spp_198|16930	WP_067429160.1|csp22_consensus|Full_Seq|Erwinia|Erwinia_gerundensis_Eg31-5|24177
WP_125288742.1|csp22_consensus|Full_Seq|Erwinia|Erwinia_spp_198|16930	WP_067429160.1|csp22_consensus|Full_Seq|Erwinia|Erwinia_gerundensis_Eg31-2|24188
WP_125288742.1|csp22_consensus|Full_Seq|Erwinia|Erwinia_spp_198|16930	WP_067429160.1|csp22_consensus|Full_Seq|Erwinia|Erwinia_gerundensis_Eg13-2|24198
WP_125288742.1|csp22_consensus|Full_Seq|Erwinia|Erwinia_spp_198|16930	WP_067429160.1|csp22_consensus|Full_Seq|Erwinia|Erwinia_gerundensis_Eg13-3|24207
WP_125288742.1|csp22_consensus|Full_Seq|Erwinia|Erwinia_spp_198|16930	WP_062746723.1|csp22_consensus|Full_Seq|Erwinia|Erwinia_persicina_DOAB1061|24232
WP_125288742.1|csp22_consensus|Full_Seq|Erwinia|Erwinia_spp_198|16930	WP_048916555.1|csp22_consensus|Full_Seq|Erwinia|Erwinia_aphidicola_JCM21238|24421
WP_125288742.1|csp22_consensus|Full_Seq|Erwinia|Erwinia_spp_198|16930	WP_133841057.1|csp22_consensus|Full_Seq|Erwinia|Erwinia_persicina_CFBP8797|24444
WP_125288742.1|csp22_consensus|Full_Seq|Erwinia|Erwinia_spp_198|16930	WP_062746723.1|csp22_consensus|Full_Seq|Erwinia|Erwinia_persicina_CFBP8795|24451
WP_125288742.1|csp22_consensus|Full_Seq|Erwinia|Erwinia_spp_198|16930	WP_133841057.1|csp22_consensus|Full_Seq|Erwinia|Erwinia_persicina_CFBP8803|24476
WP_125288742.1|csp22_consensus|Full_Seq|Erwinia|Erwinia_spp_198|16930	WP_062746723.1|csp22_consensus|Full_Seq|Erwinia|Erwinia_persicina_CFBP8767|24489
WP_125288742.1|csp22_consensus|Full_Seq|Erwinia|Erwinia_spp_198|16930	WP_062746723.1|csp22_consensus|Full_Seq|Erwinia|Erwinia_persicina_CFBP13732|24498
WP_125288742.1|csp22_consensus|Full_Seq|Erwinia|Erwinia_spp_198|16930	WP_004156882.1|csp22_consensus|Full_Seq|Erwinia|Erwinia_amylovora_Ea1/79Sm|25014
WP_125288742.1|csp22_consensus|Full_Seq|Erwinia|Erwinia_spp_198|16930	WP_004156882.1|csp22_consensus|Full_Seq|Erwinia|Erwinia_amylovora_Ea1189|26360
WP_125288742.1|csp22_consensus|Full_Seq|Erwinia|Erwinia_spp_198|16930	WP_105593464.1|csp22_consensus|Full_Seq|Erwinia|Erwinia_spp_S38|26420
WP_125288742.1|csp22_consensus|Full_Seq|Erwinia|Erwinia_spp_198|16930	WP_105593464.1|csp22_consensus|Full_Seq|Erwinia|Erwinia_spp_S43|26426
WP_125288742.1|csp22_consensus|Full_Seq|Erwinia|Erwinia_spp_198|16930	WP_038647847.1|csp22_consensus|Full_Seq|Erwinia|Erwinia_spp_S59|26435
WP_125288742.1|csp22_consensus|Full_Seq|Erwinia|Erwinia_spp_198|16930	WP_200570747.1|csp22_consensus|Full_Seq|Erwinia|Erwinia_spp_S63|26446
WP_125288742.1|csp22_consensus|Full_Seq|Erwinia|Erwinia_spp_198|16930	WP_004156882.1|csp22_consensus|Full_Seq|Erwinia|Erwinia_amylovora_17-2187|27190
WP_125288742.1|csp22_consensus|Full_Seq|Erwinia|Erwinia_spp_198|16930	WP_004156882.1|csp22_consensus|Full_Seq|Erwinia|Erwinia_amylovora_ATCC15580|27198
WP_125288742.1|csp22_consensus|Full_Seq|Erwinia|Erwinia_spp_198|16930	WP_013201507.1|csp22_consensus|Full_Seq|Erwinia|Erwinia_billingiae_PBb|27236
WP_125288742.1|csp22_consensus|Full_Seq|Erwinia|Erwinia_spp_198|16930	WP_067429160.1|csp22_consensus|Full_Seq|Erwinia|Erwinia_gerundensis_A4|27864
WP_125288742.1|csp22_consensus|Full_Seq|Erwinia|Erwinia_spp_198|16930	WP_133841057.1|csp22_consensus|Full_Seq|Erwinia|Erwinia_rhapontici_WS3235|27906
WP_125288742.1|csp22_consensus|Full_Seq|Erwinia|Erwinia_spp_198|16930	WP_017802441.1|csp22_consensus|Full_Seq|Erwinia|Erwinia_toletana_WS4403|27918
WP_125288742.1|csp22_consensus|Full_Seq|Erwinia|Erwinia_spp_198|16930	WP_056236922.1|csp22_consensus|Full_Seq|Erwinia|Erwinia_spp_E602|28312
WP_125288742.1|csp22_consensus|Full_Seq|Erwinia|Erwinia_spp_198|16930	WP_133841057.1|csp22_consensus|Full_Seq|Erwinia|Erwinia_rhapontici_MAFF311154|28385
WP_125288742.1|csp22_consensus|Full_Seq|Erwinia|Erwinia_spp_198|16930	WP_133841057.1|csp22_consensus|Full_Seq|Erwinia|Erwinia_rhapontici_MAFF311155|28397
WP_125288742.1|csp22_consensus|Full_Seq|Erwinia|Erwinia_spp_198|16930	WP_133841057.1|csp22_consensus|Full_Seq|Erwinia|Erwinia_rhapontici_MAFF311153|28531
WP_125288742.1|csp22_consensus|Full_Seq|Erwinia|Erwinia_spp_198|16930	WP_062746723.1|csp22_consensus|Full_Seq|Erwinia|Erwinia_persicina_Cp2|30023
WP_125288742.1|csp22_consensus|Full_Seq|Erwinia|Erwinia_spp_198|16930	WP_067702791.1|csp22_consensus|Full_Seq|Erwinia|Erwinia_spp_ErVv1|30172
WP_125288742.1|csp22_consensus|Full_Seq|Erwinia|Erwinia_spp_198|16930	WP_004156882.1|csp22_consensus|Full_Seq|Erwinia|Erwinia_amylovora_ATCC49946|147
WP_125288742.1|csp22_consensus|Full_Seq|Erwinia|Erwinia_spp_198|16930	WP_058648964.1|csp22_consensus|Full_Seq|Erwinia|Erwinia_amylovora_CTMF03-1|9406
WP_125288742.1|csp22_consensus|Full_Seq|Erwinia|Erwinia_spp_198|16930	WP_012768004.1|csp22_consensus|Full_Seq|Erwinia|Erwinia_spp_AG740|11795
WP_125288742.1|csp22_consensus|Full_Seq|Erwinia|Erwinia_spp_198|16930	WP_056234222.1|csp22_consensus|Full_Seq|Erwinia|Erwinia_spp_Leaf53|5739
WP_125288742.1|csp22_consensus|Full_Seq|Erwinia|Erwinia_spp_198|16930	WP_067436804.1|csp22_consensus|Full_Seq|Erwinia|Erwinia_gerundensis_E_g_EM595|6205
WP_125288742.1|csp22_consensus|Full_Seq|Erwinia|Erwinia_spp_198|16930	WP_062747198.1|csp22_consensus|Full_Seq|Erwinia|Erwinia_persicina_NBRC102418|6573
WP_125288742.1|csp22_consensus|Full_Seq|Erwinia|Erwinia_spp_198|16930	WP_099706933.1|csp22_consensus|Full_Seq|Erwinia|Erwinia_spp_OLCASP19|9611
WP_125288742.1|csp22_consensus|Full_Seq|Erwinia|Erwinia_spp_198|16930	WP_099706933.1|csp22_consensus|Full_Seq|Erwinia|Erwinia_spp_OLMTSP26|9617
WP_125288742.1|csp22_consensus|Full_Seq|Erwinia|Erwinia_spp_198|16930	WP_099706933.1|csp22_consensus|Full_Seq|Erwinia|Erwinia_spp_OLMDSP33|9623
WP_125288742.1|csp22_consensus|Full_Seq|Erwinia|Erwinia_spp_198|16930	WP_099706933.1|csp22_consensus|Full_Seq|Erwinia|Erwinia_spp_OLSSP12|9629
WP_125288742.1|csp22_consensus|Full_Seq|Erwinia|Erwinia_spp_198|16930	WP_099706933.1|csp22_consensus|Full_Seq|Erwinia|Erwinia_spp_OLTSP20|9635
WP_125288742.1|csp22_consensus|Full_Seq|Erwinia|Erwinia_spp_198|16930	WP_099706933.1|csp22_consensus|Full_Seq|Erwinia|Erwinia_spp_OLFS4|9641
WP_125288742.1|csp22_consensus|Full_Seq|Erwinia|Erwinia_spp_198|16930	WP_099706933.1|csp22_consensus|Full_Seq|Erwinia|Erwinia_spp_OAMSP11|9647
WP_125288742.1|csp22_consensus|Full_Seq|Erwinia|Erwinia_spp_198|16930	WP_056234222.1|csp22_consensus|Full_Seq|Erwinia|Erwinia_spp_B116|9957
WP_125288742.1|csp22_consensus|Full_Seq|Erwinia|Erwinia_spp_198|16930	WP_062747198.1|csp22_consensus|Full_Seq|Erwinia|Erwinia_persicina_B64|14401
WP_125288742.1|csp22_consensus|Full_Seq|Erwinia|Erwinia_spp_198|16930	WP_133842250.1|csp22_consensus|Full_Seq|Erwinia|Erwinia_rhapontici_BIGb0435|17977
WP_125288742.1|csp22_consensus|Full_Seq|Erwinia|Erwinia_spp_198|16930	WP_062747198.1|csp22_consensus|Full_Seq|Erwinia|Erwinia_persicina_CFBP13511|18165
WP_125288742.1|csp22_consensus|Full_Seq|Erwinia|Erwinia_spp_198|16930	WP_138095941.1|csp22_consensus|Full_Seq|Erwinia|Erwinia_spp_CPCC100877|19215
WP_125288742.1|csp22_consensus|Full_Seq|Erwinia|Erwinia_spp_198|16930	WP_133842250.1|csp22_consensus|Full_Seq|Erwinia|Erwinia_spp_J316|19225
WP_125288742.1|csp22_consensus|Full_Seq|Erwinia|Erwinia_spp_198|16930	WP_133842250.1|csp22_consensus|Full_Seq|Erwinia|Erwinia_spp_J780|19257
WP_125288742.1|csp22_consensus|Full_Seq|Erwinia|Erwinia_spp_198|16930	WP_133842250.1|csp22_consensus|Full_Seq|Erwinia|Erwinia_rhapontici_CGMCC1.6978|19653
WP_125288742.1|csp22_consensus|Full_Seq|Erwinia|Erwinia_spp_198|16930	WP_133842250.1|csp22_consensus|Full_Seq|Erwinia|Erwinia_rhapontici_H1|20322
WP_125288742.1|csp22_consensus|Full_Seq|Erwinia|Erwinia_spp_198|16930	WP_133842250.1|csp22_consensus|Full_Seq|Erwinia|Erwinia_spp_JH02|21271
WP_125288742.1|csp22_consensus|Full_Seq|Erwinia|Erwinia_spp_198|16930	WP_187488067.1|csp22_consensus|Full_Seq|Erwinia|Erwinia_gerundensis_Eg31-5|24180
WP_125288742.1|csp22_consensus|Full_Seq|Erwinia|Erwinia_spp_198|16930	WP_067436804.1|csp22_consensus|Full_Seq|Erwinia|Erwinia_gerundensis_Eg31-2|24192
WP_125288742.1|csp22_consensus|Full_Seq|Erwinia|Erwinia_spp_198|16930	WP_067436804.1|csp22_consensus|Full_Seq|Erwinia|Erwinia_gerundensis_Eg13-2|24202
WP_125288742.1|csp22_consensus|Full_Seq|Erwinia|Erwinia_spp_198|16930	WP_067436804.1|csp22_consensus|Full_Seq|Erwinia|Erwinia_gerundensis_Eg13-3|24211
WP_125288742.1|csp22_consensus|Full_Seq|Erwinia|Erwinia_spp_198|16930	WP_062747198.1|csp22_consensus|Full_Seq|Erwinia|Erwinia_persicina_DOAB1061|24233
WP_125288742.1|csp22_consensus|Full_Seq|Erwinia|Erwinia_spp_198|16930	WP_048917009.1|csp22_consensus|Full_Seq|Erwinia|Erwinia_aphidicola_JCM21238|24422
WP_125288742.1|csp22_consensus|Full_Seq|Erwinia|Erwinia_spp_198|16930	WP_048918687.1|csp22_consensus|Full_Seq|Erwinia|Erwinia_aphidicola_JCM21238|24424
WP_125288742.1|csp22_consensus|Full_Seq|Erwinia|Erwinia_spp_198|16930	WP_062747198.1|csp22_consensus|Full_Seq|Erwinia|Erwinia_persicina_CFBP8797|24442
WP_125288742.1|csp22_consensus|Full_Seq|Erwinia|Erwinia_spp_198|16930	WP_062747198.1|csp22_consensus|Full_Seq|Erwinia|Erwinia_persicina_CFBP8795|24452
WP_125288742.1|csp22_consensus|Full_Seq|Erwinia|Erwinia_spp_198|16930	WP_062747198.1|csp22_consensus|Full_Seq|Erwinia|Erwinia_persicina_CFBP8803|24474
WP_125288742.1|csp22_consensus|Full_Seq|Erwinia|Erwinia_spp_198|16930	WP_062747198.1|csp22_consensus|Full_Seq|Erwinia|Erwinia_persicina_CFBP8767|24490
WP_125288742.1|csp22_consensus|Full_Seq|Erwinia|Erwinia_spp_198|16930	WP_062747198.1|csp22_consensus|Full_Seq|Erwinia|Erwinia_persicina_CFBP13732|24499
WP_125288742.1|csp22_consensus|Full_Seq|Erwinia|Erwinia_spp_198|16930	WP_071845591.1|csp22_consensus|Full_Seq|Erwinia|Erwinia_spp_S59|26436
WP_125288742.1|csp22_consensus|Full_Seq|Erwinia|Erwinia_spp_198|16930	WP_200577433.1|csp22_consensus|Full_Seq|Erwinia|Erwinia_spp_S63|26447
WP_125288742.1|csp22_consensus|Full_Seq|Erwinia|Erwinia_spp_198|16930	WP_187488067.1|csp22_consensus|Full_Seq|Erwinia|Erwinia_gerundensis_A4|27866
WP_125288742.1|csp22_consensus|Full_Seq|Erwinia|Erwinia_spp_198|16930	WP_133842250.1|csp22_consensus|Full_Seq|Erwinia|Erwinia_rhapontici_WS3235|27910
WP_125288742.1|csp22_consensus|Full_Seq|Erwinia|Erwinia_spp_198|16930	WP_056234222.1|csp22_consensus|Full_Seq|Erwinia|Erwinia_spp_E602|28311
WP_125288742.1|csp22_consensus|Full_Seq|Erwinia|Erwinia_spp_198|16930	WP_133842250.1|csp22_consensus|Full_Seq|Erwinia|Erwinia_rhapontici_MAFF311154|28387
WP_125288742.1|csp22_consensus|Full_Seq|Erwinia|Erwinia_spp_198|16930	WP_133842250.1|csp22_consensus|Full_Seq|Erwinia|Erwinia_rhapontici_MAFF311153|28533
WP_125288742.1|csp22_consensus|Full_Seq|Erwinia|Erwinia_spp_198|16930	WP_062747198.1|csp22_consensus|Full_Seq|Erwinia|Erwinia_persicina_Cp2|30024
WP_125288742.1|csp22_consensus|Full_Seq|Erwinia|Erwinia_spp_198|16930	WP_067704033.1|csp22_consensus|Full_Seq|Erwinia|Erwinia_spp_ErVv1|30173
WP_125288742.1|csp22_consensus|Full_Seq|Erwinia|Erwinia_spp_198|16930	WP_010760878.1|csp22_consensus|Full_Seq|Erwinia|Erwinia_spp_CPCC100877|19212
WP_125288742.1|csp22_consensus|Full_Seq|Erwinia|Erwinia_spp_198|16930	WP_069636133.1|csp22_consensus|Full_Seq|Erwinia|Erwinia_spp_CPCC100877|19214
WP_125288742.1|csp22_consensus|Full_Seq|Erwinia|Erwinia_spp_198|16930	WP_154775703.1|csp22_consensus|Full_Seq|Erwinia|Erwinia_spp_CPCC100877|19219
WP_099754922.1|csp22_consensus|Full_Seq|Erwinia|Erwinia_aphidicola_JCM21238|33712	WP_099754922.1|csp22_consensus|Full_Seq|Erwinia|Erwinia_aphidicola_JCM21238|33712
WP_099754922.1|csp22_consensus|Full_Seq|Erwinia|Erwinia_aphidicola_JCM21238|33712	WP_133841625.1|csp22_consensus|Full_Seq|Erwinia|Erwinia_rhapontici_BIGb0435|17974
WP_099754922.1|csp22_consensus|Full_Seq|Erwinia|Erwinia_aphidicola_JCM21238|33712	WP_154751596.1|csp22_consensus|Full_Seq|Erwinia|Erwinia_spp_J316|19228
WP_099754922.1|csp22_consensus|Full_Seq|Erwinia|Erwinia_aphidicola_JCM21238|33712	WP_154751596.1|csp22_consensus|Full_Seq|Erwinia|Erwinia_spp_J780|19258
WP_099754922.1|csp22_consensus|Full_Seq|Erwinia|Erwinia_aphidicola_JCM21238|33712	WP_133841625.1|csp22_consensus|Full_Seq|Erwinia|Erwinia_rhapontici_CGMCC1.6978|19650
WP_099754922.1|csp22_consensus|Full_Seq|Erwinia|Erwinia_aphidicola_JCM21238|33712	WP_133841625.1|csp22_consensus|Full_Seq|Erwinia|Erwinia_rhapontici_H1|20321
WP_099754922.1|csp22_consensus|Full_Seq|Erwinia|Erwinia_aphidicola_JCM21238|33712	WP_133841625.1|csp22_consensus|Full_Seq|Erwinia|Erwinia_spp_JH02|21268
WP_099754922.1|csp22_consensus|Full_Seq|Erwinia|Erwinia_aphidicola_JCM21238|33712	WP_133841625.1|csp22_consensus|Full_Seq|Erwinia|Erwinia_rhapontici_WS3235|27907
WP_099754922.1|csp22_consensus|Full_Seq|Erwinia|Erwinia_aphidicola_JCM21238|33712	WP_133841625.1|csp22_consensus|Full_Seq|Erwinia|Erwinia_rhapontici_MAFF311154|28386
WP_099754922.1|csp22_consensus|Full_Seq|Erwinia|Erwinia_aphidicola_JCM21238|33712	WP_133841625.1|csp22_consensus|Full_Seq|Erwinia|Erwinia_rhapontici_MAFF311155|28398
WP_099754922.1|csp22_consensus|Full_Seq|Erwinia|Erwinia_aphidicola_JCM21238|33712	WP_133841625.1|csp22_consensus|Full_Seq|Erwinia|Erwinia_rhapontici_MAFF311153|28532
WP_099754922.1|csp22_consensus|Full_Seq|Erwinia|Erwinia_aphidicola_JCM21238|33712	WP_012440790.1|csp22_consensus|Full_Seq|Erwinia|Erwinia_tasmaniensis_Et1/99|31225
WP_099754922.1|csp22_consensus|Full_Seq|Erwinia|Erwinia_aphidicola_JCM21238|33712	WP_012667419.1|csp22_consensus|Full_Seq|Erwinia|Erwinia_pyrifoliae_DSM12163|31226
WP_099754922.1|csp22_consensus|Full_Seq|Erwinia|Erwinia_aphidicola_JCM21238|33712	WP_004159066.1|csp22_consensus|Full_Seq|Erwinia|Erwinia_amylovora_ATCC49946|31227
WP_099754922.1|csp22_consensus|Full_Seq|Erwinia|Erwinia_aphidicola_JCM21238|33712	WP_012667419.1|csp22_consensus|Full_Seq|Erwinia|Erwinia_pyrifoliae_Ep1/96|31228
WP_099754922.1|csp22_consensus|Full_Seq|Erwinia|Erwinia_aphidicola_JCM21238|33712	WP_004159066.1|csp22_consensus|Full_Seq|Erwinia|Erwinia_amylovora_CFPB1430|31231
WP_099754922.1|csp22_consensus|Full_Seq|Erwinia|Erwinia_aphidicola_JCM21238|33712	WP_012667419.1|csp22_consensus|Full_Seq|Erwinia|Erwinia_spp_Ejp617|31239
WP_099754922.1|csp22_consensus|Full_Seq|Erwinia|Erwinia_aphidicola_JCM21238|33712	WP_013202715.1|csp22_consensus|Full_Seq|Erwinia|Erwinia_billingiae_Eb661|31245
WP_099754922.1|csp22_consensus|Full_Seq|Erwinia|Erwinia_aphidicola_JCM21238|33712	WP_004159066.1|csp22_consensus|Full_Seq|Erwinia|Erwinia_amylovora_ACW56400|31265
WP_099754922.1|csp22_consensus|Full_Seq|Erwinia|Erwinia_aphidicola_JCM21238|33712	WP_017801944.1|csp22_consensus|Full_Seq|Erwinia|Erwinia_toletana_DAPP-PG735|31288
WP_099754922.1|csp22_consensus|Full_Seq|Erwinia|Erwinia_aphidicola_JCM21238|33712	WP_004159066.1|csp22_consensus|Full_Seq|Erwinia|Erwinia_amylovora_Ea356|31291
WP_099754922.1|csp22_consensus|Full_Seq|Erwinia|Erwinia_aphidicola_JCM21238|33712	WP_004159066.1|csp22_consensus|Full_Seq|Erwinia|Erwinia_amylovora_Ea266|31292
WP_099754922.1|csp22_consensus|Full_Seq|Erwinia|Erwinia_aphidicola_JCM21238|33712	WP_004159066.1|csp22_consensus|Full_Seq|Erwinia|Erwinia_amylovora_CFBP2585|31293
WP_099754922.1|csp22_consensus|Full_Seq|Erwinia|Erwinia_aphidicola_JCM21238|33712	WP_004159066.1|csp22_consensus|Full_Seq|Erwinia|Erwinia_amylovora_CFBP1232|31294
WP_099754922.1|csp22_consensus|Full_Seq|Erwinia|Erwinia_aphidicola_JCM21238|33712	WP_004159066.1|csp22_consensus|Full_Seq|Erwinia|Erwinia_amylovora_UPN527|31295
WP_099754922.1|csp22_consensus|Full_Seq|Erwinia|Erwinia_aphidicola_JCM21238|33712	WP_004168221.1|csp22_consensus|Full_Seq|Erwinia|Erwinia_amylovora_Ea644|31296
WP_099754922.1|csp22_consensus|Full_Seq|Erwinia|Erwinia_aphidicola_JCM21238|33712	WP_004159066.1|csp22_consensus|Full_Seq|Erwinia|Erwinia_amylovora_LA637|31317
WP_099754922.1|csp22_consensus|Full_Seq|Erwinia|Erwinia_aphidicola_JCM21238|33712	WP_004159066.1|csp22_consensus|Full_Seq|Erwinia|Erwinia_amylovora_LA636|31318
WP_099754922.1|csp22_consensus|Full_Seq|Erwinia|Erwinia_aphidicola_JCM21238|33712	WP_004159066.1|csp22_consensus|Full_Seq|Erwinia|Erwinia_amylovora_LA635|31319
WP_099754922.1|csp22_consensus|Full_Seq|Erwinia|Erwinia_aphidicola_JCM21238|33712	WP_034915753.1|csp22_consensus|Full_Seq|Erwinia|Erwinia_spp_9145|31382
WP_099754922.1|csp22_consensus|Full_Seq|Erwinia|Erwinia_aphidicola_JCM21238|33712	WP_034915753.1|csp22_consensus|Full_Seq|Erwinia|Erwinia_oleae_DAPP-PG531|31400
WP_099754922.1|csp22_consensus|Full_Seq|Erwinia|Erwinia_aphidicola_JCM21238|33712	WP_023655789.1|csp22_consensus|Full_Seq|Erwinia|Erwinia_piriflorinigrans_CFBP5888|31530
WP_099754922.1|csp22_consensus|Full_Seq|Erwinia|Erwinia_aphidicola_JCM21238|33712	WP_053142382.1|csp22_consensus|Full_Seq|Erwinia|Erwinia_billingiae_OSU19-1|31540
WP_099754922.1|csp22_consensus|Full_Seq|Erwinia|Erwinia_aphidicola_JCM21238|33712	WP_056238774.1|csp22_consensus|Full_Seq|Erwinia|Erwinia_spp_Leaf53|31562
WP_099754922.1|csp22_consensus|Full_Seq|Erwinia|Erwinia_aphidicola_JCM21238|33712	WP_067429931.1|csp22_consensus|Full_Seq|Erwinia|Erwinia_gerundensis_E_g_EM595|31593
WP_099754922.1|csp22_consensus|Full_Seq|Erwinia|Erwinia_aphidicola_JCM21238|33712	WP_062742582.1|csp22_consensus|Full_Seq|Erwinia|Erwinia_persicina_NBRC102418|31641
WP_099754922.1|csp22_consensus|Full_Seq|Erwinia|Erwinia_aphidicola_JCM21238|33712	WP_099258030.1|csp22_consensus|Full_Seq|Erwinia|Erwinia_amylovora_VTDMSF02|31833
WP_099754922.1|csp22_consensus|Full_Seq|Erwinia|Erwinia_aphidicola_JCM21238|33712	WP_099258030.1|csp22_consensus|Full_Seq|Erwinia|Erwinia_amylovora_MAGFLF2|31834
WP_099754922.1|csp22_consensus|Full_Seq|Erwinia|Erwinia_aphidicola_JCM21238|33712	WP_099258030.1|csp22_consensus|Full_Seq|Erwinia|Erwinia_amylovora_CTBT3-1|31835
WP_099754922.1|csp22_consensus|Full_Seq|Erwinia|Erwinia_aphidicola_JCM21238|33712	WP_004159066.1|csp22_consensus|Full_Seq|Erwinia|Erwinia_amylovora_WSDA87-73|31836
WP_099754922.1|csp22_consensus|Full_Seq|Erwinia|Erwinia_aphidicola_JCM21238|33712	WP_004159066.1|csp22_consensus|Full_Seq|Erwinia|Erwinia_amylovora_NHSB01-1|31837
WP_099754922.1|csp22_consensus|Full_Seq|Erwinia|Erwinia_aphidicola_JCM21238|33712	WP_004159066.1|csp22_consensus|Full_Seq|Erwinia|Erwinia_amylovora_VTBL01-1|31838
WP_099754922.1|csp22_consensus|Full_Seq|Erwinia|Erwinia_aphidicola_JCM21238|33712	WP_099258030.1|csp22_consensus|Full_Seq|Erwinia|Erwinia_amylovora_LA092|31839
WP_099754922.1|csp22_consensus|Full_Seq|Erwinia|Erwinia_aphidicola_JCM21238|33712	WP_099258030.1|csp22_consensus|Full_Seq|Erwinia|Erwinia_amylovora_CTST01-1|31840
WP_099754922.1|csp22_consensus|Full_Seq|Erwinia|Erwinia_aphidicola_JCM21238|33712	WP_099258030.1|csp22_consensus|Full_Seq|Erwinia|Erwinia_amylovora_CTMF03-1|31841
WP_099754922.1|csp22_consensus|Full_Seq|Erwinia|Erwinia_aphidicola_JCM21238|33712	WP_099351220.1|csp22_consensus|Full_Seq|Erwinia|Erwinia_amylovora_CA3R|31842
WP_099754922.1|csp22_consensus|Full_Seq|Erwinia|Erwinia_aphidicola_JCM21238|33712	WP_099258030.1|csp22_consensus|Full_Seq|Erwinia|Erwinia_amylovora_RISTBO01-2|31843
WP_099754922.1|csp22_consensus|Full_Seq|Erwinia|Erwinia_aphidicola_JCM21238|33712	WP_099258030.1|csp22_consensus|Full_Seq|Erwinia|Erwinia_amylovora_CTBT1-1|31844
WP_099754922.1|csp22_consensus|Full_Seq|Erwinia|Erwinia_aphidicola_JCM21238|33712	WP_004159066.1|csp22_consensus|Full_Seq|Erwinia|Erwinia_amylovora_UT5P4|31845
WP_099754922.1|csp22_consensus|Full_Seq|Erwinia|Erwinia_aphidicola_JCM21238|33712	WP_099258030.1|csp22_consensus|Full_Seq|Erwinia|Erwinia_amylovora_OR6|31846
WP_099754922.1|csp22_consensus|Full_Seq|Erwinia|Erwinia_aphidicola_JCM21238|33712	WP_099258030.1|csp22_consensus|Full_Seq|Erwinia|Erwinia_amylovora_NHWL02-2|31847
WP_099754922.1|csp22_consensus|Full_Seq|Erwinia|Erwinia_aphidicola_JCM21238|33712	WP_099258030.1|csp22_consensus|Full_Seq|Erwinia|Erwinia_amylovora_OR1|31848
WP_099754922.1|csp22_consensus|Full_Seq|Erwinia|Erwinia_aphidicola_JCM21238|33712	WP_099258030.1|csp22_consensus|Full_Seq|Erwinia|Erwinia_amylovora_MANB02-1|31849
WP_099754922.1|csp22_consensus|Full_Seq|Erwinia|Erwinia_aphidicola_JCM21238|33712	WP_004159066.1|csp22_consensus|Full_Seq|Erwinia|Erwinia_amylovora_EA110|31850
WP_099754922.1|csp22_consensus|Full_Seq|Erwinia|Erwinia_aphidicola_JCM21238|33712	WP_004159066.1|csp22_consensus|Full_Seq|Erwinia|Erwinia_amylovora_E-2|31853
WP_099754922.1|csp22_consensus|Full_Seq|Erwinia|Erwinia_aphidicola_JCM21238|33712	WP_101506690.1|csp22_consensus|Full_Seq|Erwinia|Erwinia_spp_B116|31867
WP_099754922.1|csp22_consensus|Full_Seq|Erwinia|Erwinia_aphidicola_JCM21238|33712	WP_012667419.1|csp22_consensus|Full_Seq|Erwinia|Erwinia_pyrifoliae_EpK1/15|31929
WP_099754922.1|csp22_consensus|Full_Seq|Erwinia|Erwinia_aphidicola_JCM21238|33712	WP_105759929.1|csp22_consensus|Full_Seq|Erwinia|Erwinia_billingiae_MYb121|31930
WP_099754922.1|csp22_consensus|Full_Seq|Erwinia|Erwinia_aphidicola_JCM21238|33712	WP_118663894.1|csp22_consensus|Full_Seq|Erwinia|Erwinia_persicina_B64|32356
WP_099754922.1|csp22_consensus|Full_Seq|Erwinia|Erwinia_aphidicola_JCM21238|33712	WP_123333103.1|csp22_consensus|Full_Seq|Erwinia|Erwinia_spp_JUb26|32434
WP_099754922.1|csp22_consensus|Full_Seq|Erwinia|Erwinia_aphidicola_JCM21238|33712	WP_125289108.1|csp22_consensus|Full_Seq|Erwinia|Erwinia_spp_198|32443
WP_099754922.1|csp22_consensus|Full_Seq|Erwinia|Erwinia_aphidicola_JCM21238|33712	WP_004159066.1|csp22_consensus|Full_Seq|Erwinia|Erwinia_amylovora_Ea321|32453
WP_099754922.1|csp22_consensus|Full_Seq|Erwinia|Erwinia_aphidicola_JCM21238|33712	WP_004159066.1|csp22_consensus|Full_Seq|Erwinia|Erwinia_amylovora_HKN06P1|32490
WP_099754922.1|csp22_consensus|Full_Seq|Erwinia|Erwinia_aphidicola_JCM21238|33712	WP_053142382.1|csp22_consensus|Full_Seq|Erwinia|Erwinia_spp_QL-Z3|32599
WP_099754922.1|csp22_consensus|Full_Seq|Erwinia|Erwinia_aphidicola_JCM21238|33712	WP_062742582.1|csp22_consensus|Full_Seq|Erwinia|Erwinia_persicina_CFBP13511|32633
WP_099754922.1|csp22_consensus|Full_Seq|Erwinia|Erwinia_aphidicola_JCM21238|33712	WP_053142382.1|csp22_consensus|Full_Seq|Erwinia|Erwinia_billingiae_TH88|32728
WP_099754922.1|csp22_consensus|Full_Seq|Erwinia|Erwinia_aphidicola_JCM21238|33712	WP_154776333.1|csp22_consensus|Full_Seq|Erwinia|Erwinia_spp_CPCC100877|32764
WP_099754922.1|csp22_consensus|Full_Seq|Erwinia|Erwinia_aphidicola_JCM21238|33712	WP_004159066.1|csp22_consensus|Full_Seq|Erwinia|Erwinia_amylovora_P-C-3b|32920
WP_099754922.1|csp22_consensus|Full_Seq|Erwinia|Erwinia_aphidicola_JCM21238|33712	WP_004159066.1|csp22_consensus|Full_Seq|Erwinia|Erwinia_amylovora_IVIA2303|32921
WP_099754922.1|csp22_consensus|Full_Seq|Erwinia|Erwinia_aphidicola_JCM21238|33712	WP_004159066.1|csp22_consensus|Full_Seq|Erwinia|Erwinia_amylovora_O-RG-21|32922
WP_099754922.1|csp22_consensus|Full_Seq|Erwinia|Erwinia_aphidicola_JCM21238|33712	WP_004168221.1|csp22_consensus|Full_Seq|Erwinia|Erwinia_amylovora_EaLevo2|32923
WP_099754922.1|csp22_consensus|Full_Seq|Erwinia|Erwinia_aphidicola_JCM21238|33712	WP_099258030.1|csp22_consensus|Full_Seq|Erwinia|Erwinia_amylovora_EaG5|32924
WP_099754922.1|csp22_consensus|Full_Seq|Erwinia|Erwinia_aphidicola_JCM21238|33712	WP_004159066.1|csp22_consensus|Full_Seq|Erwinia|Erwinia_amylovora_EaA-11|32925
WP_099754922.1|csp22_consensus|Full_Seq|Erwinia|Erwinia_aphidicola_JCM21238|33712	WP_004168221.1|csp22_consensus|Full_Seq|Erwinia|Erwinia_amylovora_Ea8-96|32926
WP_099754922.1|csp22_consensus|Full_Seq|Erwinia|Erwinia_aphidicola_JCM21238|33712	WP_004159066.1|csp22_consensus|Full_Seq|Erwinia|Erwinia_amylovora_Ea92-1-2|32927
WP_099754922.1|csp22_consensus|Full_Seq|Erwinia|Erwinia_aphidicola_JCM21238|33712	WP_004159066.1|csp22_consensus|Full_Seq|Erwinia|Erwinia_amylovora_Ea6-97|32928
WP_099754922.1|csp22_consensus|Full_Seq|Erwinia|Erwinia_aphidicola_JCM21238|33712	WP_004159066.1|csp22_consensus|Full_Seq|Erwinia|Erwinia_amylovora_Ea650|32929
WP_099754922.1|csp22_consensus|Full_Seq|Erwinia|Erwinia_aphidicola_JCM21238|33712	WP_004159066.1|csp22_consensus|Full_Seq|Erwinia|Erwinia_amylovora_Ea5-97|32930
WP_099754922.1|csp22_consensus|Full_Seq|Erwinia|Erwinia_aphidicola_JCM21238|33712	WP_004168221.1|csp22_consensus|Full_Seq|Erwinia|Erwinia_amylovora_Ea4-96|32931
WP_099754922.1|csp22_consensus|Full_Seq|Erwinia|Erwinia_aphidicola_JCM21238|33712	WP_004159066.1|csp22_consensus|Full_Seq|Erwinia|Erwinia_amylovora_Ea4-97|32932
WP_099754922.1|csp22_consensus|Full_Seq|Erwinia|Erwinia_aphidicola_JCM21238|33712	WP_004159066.1|csp22_consensus|Full_Seq|Erwinia|Erwinia_amylovora_Ea440|32933
WP_099754922.1|csp22_consensus|Full_Seq|Erwinia|Erwinia_aphidicola_JCM21238|33712	WP_004159066.1|csp22_consensus|Full_Seq|Erwinia|Erwinia_amylovora_Ea435|32934
WP_099754922.1|csp22_consensus|Full_Seq|Erwinia|Erwinia_aphidicola_JCM21238|33712	WP_004159066.1|csp22_consensus|Full_Seq|Erwinia|Erwinia_amylovora_Ea3a-H1-II|32935
WP_099754922.1|csp22_consensus|Full_Seq|Erwinia|Erwinia_aphidicola_JCM21238|33712	WP_004159066.1|csp22_consensus|Full_Seq|Erwinia|Erwinia_amylovora_Ea367|32936
WP_099754922.1|csp22_consensus|Full_Seq|Erwinia|Erwinia_aphidicola_JCM21238|33712	WP_004168221.1|csp22_consensus|Full_Seq|Erwinia|Erwinia_amylovora_Ea3-97|32937
WP_099754922.1|csp22_consensus|Full_Seq|Erwinia|Erwinia_aphidicola_JCM21238|33712	WP_004159066.1|csp22_consensus|Full_Seq|Erwinia|Erwinia_amylovora_Ea315-1|32938
WP_099754922.1|csp22_consensus|Full_Seq|Erwinia|Erwinia_aphidicola_JCM21238|33712	WP_004168221.1|csp22_consensus|Full_Seq|Erwinia|Erwinia_amylovora_Ea2-97|32939
WP_099754922.1|csp22_consensus|Full_Seq|Erwinia|Erwinia_aphidicola_JCM21238|33712	WP_004159066.1|csp22_consensus|Full_Seq|Erwinia|Erwinia_amylovora_Ea29-7|32940
WP_099754922.1|csp22_consensus|Full_Seq|Erwinia|Erwinia_aphidicola_JCM21238|33712	WP_004168221.1|csp22_consensus|Full_Seq|Erwinia|Erwinia_amylovora_Ea2-95|32941
WP_099754922.1|csp22_consensus|Full_Seq|Erwinia|Erwinia_aphidicola_JCM21238|33712	WP_004168221.1|csp22_consensus|Full_Seq|Erwinia|Erwinia_amylovora_Ea1-98|32942
WP_099754922.1|csp22_consensus|Full_Seq|Erwinia|Erwinia_aphidicola_JCM21238|33712	WP_004168221.1|csp22_consensus|Full_Seq|Erwinia|Erwinia_amylovora_Ea1-97|32943
WP_099754922.1|csp22_consensus|Full_Seq|Erwinia|Erwinia_aphidicola_JCM21238|33712	WP_004168221.1|csp22_consensus|Full_Seq|Erwinia|Erwinia_amylovora_Ea1-95|32944
WP_099754922.1|csp22_consensus|Full_Seq|Erwinia|Erwinia_aphidicola_JCM21238|33712	WP_004159066.1|csp22_consensus|Full_Seq|Erwinia|Erwinia_amylovora_Ea169|32945
WP_099754922.1|csp22_consensus|Full_Seq|Erwinia|Erwinia_aphidicola_JCM21238|33712	WP_099258030.1|csp22_consensus|Full_Seq|Erwinia|Erwinia_amylovora_Ea160-3-51|32946
WP_099754922.1|csp22_consensus|Full_Seq|Erwinia|Erwinia_aphidicola_JCM21238|33712	WP_099258030.1|csp22_consensus|Full_Seq|Erwinia|Erwinia_amylovora_Ea123-5-51|32947
WP_099754922.1|csp22_consensus|Full_Seq|Erwinia|Erwinia_aphidicola_JCM21238|33712	WP_099258030.1|csp22_consensus|Full_Seq|Erwinia|Erwinia_amylovora_Ea123-5-51|32948
WP_099754922.1|csp22_consensus|Full_Seq|Erwinia|Erwinia_aphidicola_JCM21238|33712	WP_004159066.1|csp22_consensus|Full_Seq|Erwinia|Erwinia_amylovora_Ea116-5-29|32949
WP_099754922.1|csp22_consensus|Full_Seq|Erwinia|Erwinia_aphidicola_JCM21238|33712	WP_004168221.1|csp22_consensus|Full_Seq|Erwinia|Erwinia_amylovora_Ea02-03|32950
WP_099754922.1|csp22_consensus|Full_Seq|Erwinia|Erwinia_aphidicola_JCM21238|33712	WP_004168221.1|csp22_consensus|Full_Seq|Erwinia|Erwinia_amylovora_Ea03-03|32951
WP_099754922.1|csp22_consensus|Full_Seq|Erwinia|Erwinia_aphidicola_JCM21238|33712	WP_004159066.1|csp22_consensus|Full_Seq|Erwinia|Erwinia_amylovora_E2006P|32952
WP_099754922.1|csp22_consensus|Full_Seq|Erwinia|Erwinia_aphidicola_JCM21238|33712	WP_099258030.1|csp22_consensus|Full_Seq|Erwinia|Erwinia_amylovora_Ea01-03|32953
WP_099754922.1|csp22_consensus|Full_Seq|Erwinia|Erwinia_aphidicola_JCM21238|33712	WP_004159066.1|csp22_consensus|Full_Seq|Erwinia|Erwinia_amylovora_CFBP7131|32954
WP_099754922.1|csp22_consensus|Full_Seq|Erwinia|Erwinia_aphidicola_JCM21238|33712	WP_004159066.1|csp22_consensus|Full_Seq|Erwinia|Erwinia_amylovora_CFBP2313|32955
WP_099754922.1|csp22_consensus|Full_Seq|Erwinia|Erwinia_aphidicola_JCM21238|33712	WP_004159066.1|csp22_consensus|Full_Seq|Erwinia|Erwinia_amylovora_CFBP7130|32956
WP_099754922.1|csp22_consensus|Full_Seq|Erwinia|Erwinia_aphidicola_JCM21238|33712	WP_004159066.1|csp22_consensus|Full_Seq|Erwinia|Erwinia_amylovora_CFBP1995|32957
WP_099754922.1|csp22_consensus|Full_Seq|Erwinia|Erwinia_aphidicola_JCM21238|33712	WP_099258030.1|csp22_consensus|Full_Seq|Erwinia|Erwinia_amylovora_BCEa23A|32958
WP_099754922.1|csp22_consensus|Full_Seq|Erwinia|Erwinia_aphidicola_JCM21238|33712	WP_004159066.1|csp22_consensus|Full_Seq|Erwinia|Erwinia_amylovora_39-M1-II|32959
WP_099754922.1|csp22_consensus|Full_Seq|Erwinia|Erwinia_aphidicola_JCM21238|33712	WP_004159066.1|csp22_consensus|Full_Seq|Erwinia|Erwinia_amylovora_241/07|32960
WP_099754922.1|csp22_consensus|Full_Seq|Erwinia|Erwinia_aphidicola_JCM21238|33712	WP_004159066.1|csp22_consensus|Full_Seq|Erwinia|Erwinia_amylovora_3477-1|32961
WP_099754922.1|csp22_consensus|Full_Seq|Erwinia|Erwinia_aphidicola_JCM21238|33712	WP_099258030.1|csp22_consensus|Full_Seq|Erwinia|Erwinia_amylovora_1611(BCEa29)|32962
WP_099754922.1|csp22_consensus|Full_Seq|Erwinia|Erwinia_aphidicola_JCM21238|33712	WP_004159066.1|csp22_consensus|Full_Seq|Erwinia|Erwinia_amylovora_214/07|32963
WP_099754922.1|csp22_consensus|Full_Seq|Erwinia|Erwinia_aphidicola_JCM21238|33712	WP_099258030.1|csp22_consensus|Full_Seq|Erwinia|Erwinia_amylovora_1480-3|32964
WP_099754922.1|csp22_consensus|Full_Seq|Erwinia|Erwinia_aphidicola_JCM21238|33712	WP_004159066.1|csp22_consensus|Full_Seq|Erwinia|Erwinia_amylovora_1477-1|32965
WP_099754922.1|csp22_consensus|Full_Seq|Erwinia|Erwinia_aphidicola_JCM21238|33712	WP_004159066.1|csp22_consensus|Full_Seq|Erwinia|Erwinia_amylovora_1400-1|32966
WP_099754922.1|csp22_consensus|Full_Seq|Erwinia|Erwinia_aphidicola_JCM21238|33712	WP_099258030.1|csp22_consensus|Full_Seq|Erwinia|Erwinia_amylovora_1478-2|32967
WP_099754922.1|csp22_consensus|Full_Seq|Erwinia|Erwinia_aphidicola_JCM21238|33712	WP_004159066.1|csp22_consensus|Full_Seq|Erwinia|Erwinia_amylovora_1400-2|32968
WP_099754922.1|csp22_consensus|Full_Seq|Erwinia|Erwinia_aphidicola_JCM21238|33712	WP_004159066.1|csp22_consensus|Full_Seq|Erwinia|Erwinia_amylovora_20070270|32969
WP_099754922.1|csp22_consensus|Full_Seq|Erwinia|Erwinia_aphidicola_JCM21238|33712	WP_004159066.1|csp22_consensus|Full_Seq|Erwinia|Erwinia_amylovora_20070245|32970
WP_099754922.1|csp22_consensus|Full_Seq|Erwinia|Erwinia_aphidicola_JCM21238|33712	WP_004159066.1|csp22_consensus|Full_Seq|Erwinia|Erwinia_amylovora_20070126|32971
WP_099754922.1|csp22_consensus|Full_Seq|Erwinia|Erwinia_aphidicola_JCM21238|33712	WP_099258030.1|csp22_consensus|Full_Seq|Erwinia|Erwinia_amylovora_20060013|32972
WP_099754922.1|csp22_consensus|Full_Seq|Erwinia|Erwinia_aphidicola_JCM21238|33712	WP_004159066.1|csp22_consensus|Full_Seq|Erwinia|Erwinia_amylovora_1686|32973
WP_099754922.1|csp22_consensus|Full_Seq|Erwinia|Erwinia_aphidicola_JCM21238|33712	WP_004159066.1|csp22_consensus|Full_Seq|Erwinia|Erwinia_amylovora_2570|32974
WP_099754922.1|csp22_consensus|Full_Seq|Erwinia|Erwinia_aphidicola_JCM21238|33712	WP_004159066.1|csp22_consensus|Full_Seq|Erwinia|Erwinia_amylovora_2558|32975
WP_099754922.1|csp22_consensus|Full_Seq|Erwinia|Erwinia_aphidicola_JCM21238|33712	WP_004159066.1|csp22_consensus|Full_Seq|Erwinia|Erwinia_amylovora_1680|32976
WP_099754922.1|csp22_consensus|Full_Seq|Erwinia|Erwinia_aphidicola_JCM21238|33712	WP_004159066.1|csp22_consensus|Full_Seq|Erwinia|Erwinia_amylovora_1668|32977
WP_099754922.1|csp22_consensus|Full_Seq|Erwinia|Erwinia_aphidicola_JCM21238|33712	WP_099258030.1|csp22_consensus|Full_Seq|Erwinia|Erwinia_amylovora_1617|32978
WP_099754922.1|csp22_consensus|Full_Seq|Erwinia|Erwinia_aphidicola_JCM21238|33712	WP_099258030.1|csp22_consensus|Full_Seq|Erwinia|Erwinia_amylovora_1602|32979
WP_099754922.1|csp22_consensus|Full_Seq|Erwinia|Erwinia_aphidicola_JCM21238|33712	WP_099258030.1|csp22_consensus|Full_Seq|Erwinia|Erwinia_amylovora_1619|32980
WP_099754922.1|csp22_consensus|Full_Seq|Erwinia|Erwinia_aphidicola_JCM21238|33712	WP_099258030.1|csp22_consensus|Full_Seq|Erwinia|Erwinia_amylovora_1612|32981
WP_099754922.1|csp22_consensus|Full_Seq|Erwinia|Erwinia_aphidicola_JCM21238|33712	WP_099258030.1|csp22_consensus|Full_Seq|Erwinia|Erwinia_amylovora_1609|32982
WP_099754922.1|csp22_consensus|Full_Seq|Erwinia|Erwinia_aphidicola_JCM21238|33712	WP_099258030.1|csp22_consensus|Full_Seq|Erwinia|Erwinia_amylovora_1598|32983
WP_099754922.1|csp22_consensus|Full_Seq|Erwinia|Erwinia_aphidicola_JCM21238|33712	WP_099258030.1|csp22_consensus|Full_Seq|Erwinia|Erwinia_amylovora_1486|32984
WP_099754922.1|csp22_consensus|Full_Seq|Erwinia|Erwinia_aphidicola_JCM21238|33712	WP_099258030.1|csp22_consensus|Full_Seq|Erwinia|Erwinia_amylovora_1581|32985
WP_099754922.1|csp22_consensus|Full_Seq|Erwinia|Erwinia_aphidicola_JCM21238|33712	WP_004159066.1|csp22_consensus|Full_Seq|Erwinia|Erwinia_amylovora_1476|32986
WP_099754922.1|csp22_consensus|Full_Seq|Erwinia|Erwinia_aphidicola_JCM21238|33712	WP_004159066.1|csp22_consensus|Full_Seq|Erwinia|Erwinia_amylovora_1279|32987
WP_099754922.1|csp22_consensus|Full_Seq|Erwinia|Erwinia_aphidicola_JCM21238|33712	WP_099258030.1|csp22_consensus|Full_Seq|Erwinia|Erwinia_amylovora_1280|32988
WP_099754922.1|csp22_consensus|Full_Seq|Erwinia|Erwinia_aphidicola_JCM21238|33712	WP_099258030.1|csp22_consensus|Full_Seq|Erwinia|Erwinia_amylovora_1482|32989
WP_099754922.1|csp22_consensus|Full_Seq|Erwinia|Erwinia_aphidicola_JCM21238|33712	WP_099258030.1|csp22_consensus|Full_Seq|Erwinia|Erwinia_amylovora_LA472|32990
WP_099754922.1|csp22_consensus|Full_Seq|Erwinia|Erwinia_aphidicola_JCM21238|33712	WP_099258030.1|csp22_consensus|Full_Seq|Erwinia|Erwinia_amylovora_IH-3-1|32991
WP_099754922.1|csp22_consensus|Full_Seq|Erwinia|Erwinia_aphidicola_JCM21238|33712	WP_004159066.1|csp22_consensus|Full_Seq|Erwinia|Erwinia_amylovora_Fb-97b|32992
WP_099754922.1|csp22_consensus|Full_Seq|Erwinia|Erwinia_aphidicola_JCM21238|33712	WP_099258030.1|csp22_consensus|Full_Seq|Erwinia|Erwinia_amylovora_EaIF|32993
WP_099754922.1|csp22_consensus|Full_Seq|Erwinia|Erwinia_aphidicola_JCM21238|33712	WP_004159066.1|csp22_consensus|Full_Seq|Erwinia|Erwinia_amylovora_EaB-110|32994
WP_099754922.1|csp22_consensus|Full_Seq|Erwinia|Erwinia_aphidicola_JCM21238|33712	WP_004159066.1|csp22_consensus|Full_Seq|Erwinia|Erwinia_amylovora_EaD-7|32995
WP_099754922.1|csp22_consensus|Full_Seq|Erwinia|Erwinia_aphidicola_JCM21238|33712	WP_004159066.1|csp22_consensus|Full_Seq|Erwinia|Erwinia_amylovora_Ea92-1-1|32996
WP_099754922.1|csp22_consensus|Full_Seq|Erwinia|Erwinia_aphidicola_JCM21238|33712	WP_004168221.1|csp22_consensus|Full_Seq|Erwinia|Erwinia_amylovora_Ea7-96|32997
WP_099754922.1|csp22_consensus|Full_Seq|Erwinia|Erwinia_aphidicola_JCM21238|33712	WP_099258030.1|csp22_consensus|Full_Seq|Erwinia|Erwinia_amylovora_Ea433|32998
WP_099754922.1|csp22_consensus|Full_Seq|Erwinia|Erwinia_aphidicola_JCM21238|33712	WP_004168221.1|csp22_consensus|Full_Seq|Erwinia|Erwinia_amylovora_Ea6-96|32999
WP_099754922.1|csp22_consensus|Full_Seq|Erwinia|Erwinia_aphidicola_JCM21238|33712	WP_004159066.1|csp22_consensus|Full_Seq|Erwinia|Erwinia_amylovora_Ea464|33000
WP_099754922.1|csp22_consensus|Full_Seq|Erwinia|Erwinia_aphidicola_JCM21238|33712	WP_004159066.1|csp22_consensus|Full_Seq|Erwinia|Erwinia_amylovora_Ea6-4|33001
WP_099754922.1|csp22_consensus|Full_Seq|Erwinia|Erwinia_aphidicola_JCM21238|33712	WP_004159066.1|csp22_consensus|Full_Seq|Erwinia|Erwinia_amylovora_Ea17-1-1|33002
WP_099754922.1|csp22_consensus|Full_Seq|Erwinia|Erwinia_aphidicola_JCM21238|33712	WP_004159066.1|csp22_consensus|Full_Seq|Erwinia|Erwinia_amylovora_Ea160-4-51|33003
WP_099754922.1|csp22_consensus|Full_Seq|Erwinia|Erwinia_aphidicola_JCM21238|33712	WP_004159066.1|csp22_consensus|Full_Seq|Erwinia|Erwinia_amylovora_46-4-2|33004
WP_099754922.1|csp22_consensus|Full_Seq|Erwinia|Erwinia_aphidicola_JCM21238|33712	WP_099258030.1|csp22_consensus|Full_Seq|Erwinia|Erwinia_amylovora_Ea1-00|33005
WP_099754922.1|csp22_consensus|Full_Seq|Erwinia|Erwinia_aphidicola_JCM21238|33712	WP_004159066.1|csp22_consensus|Full_Seq|Erwinia|Erwinia_amylovora_E2005A|33006
WP_099754922.1|csp22_consensus|Full_Seq|Erwinia|Erwinia_aphidicola_JCM21238|33712	WP_004168221.1|csp22_consensus|Full_Seq|Erwinia|Erwinia_amylovora_Ea04-03|33007
WP_099754922.1|csp22_consensus|Full_Seq|Erwinia|Erwinia_aphidicola_JCM21238|33712	WP_099258030.1|csp22_consensus|Full_Seq|Erwinia|Erwinia_amylovora_3515-1|33008
WP_099754922.1|csp22_consensus|Full_Seq|Erwinia|Erwinia_aphidicola_JCM21238|33712	WP_004159066.1|csp22_consensus|Full_Seq|Erwinia|Erwinia_amylovora_39-I-II|33009
WP_099754922.1|csp22_consensus|Full_Seq|Erwinia|Erwinia_aphidicola_JCM21238|33712	WP_099351220.1|csp22_consensus|Full_Seq|Erwinia|Erwinia_amylovora_3446-1|33010
WP_099754922.1|csp22_consensus|Full_Seq|Erwinia|Erwinia_aphidicola_JCM21238|33712	WP_004159066.1|csp22_consensus|Full_Seq|Erwinia|Erwinia_amylovora_245/07|33011
WP_099754922.1|csp22_consensus|Full_Seq|Erwinia|Erwinia_aphidicola_JCM21238|33712	WP_004159066.1|csp22_consensus|Full_Seq|Erwinia|Erwinia_amylovora_FB-307|33019
WP_099754922.1|csp22_consensus|Full_Seq|Erwinia|Erwinia_aphidicola_JCM21238|33712	WP_004159066.1|csp22_consensus|Full_Seq|Erwinia|Erwinia_amylovora_TS3238|33020
WP_099754922.1|csp22_consensus|Full_Seq|Erwinia|Erwinia_aphidicola_JCM21238|33712	WP_004159066.1|csp22_consensus|Full_Seq|Erwinia|Erwinia_amylovora_FB-207|33021
WP_099754922.1|csp22_consensus|Full_Seq|Erwinia|Erwinia_aphidicola_JCM21238|33712	WP_004159066.1|csp22_consensus|Full_Seq|Erwinia|Erwinia_amylovora_TS3128|33621
WP_099754922.1|csp22_consensus|Full_Seq|Erwinia|Erwinia_aphidicola_JCM21238|33712	WP_067429931.1|csp22_consensus|Full_Seq|Erwinia|Erwinia_gerundensis_Eg31-5|33700
WP_099754922.1|csp22_consensus|Full_Seq|Erwinia|Erwinia_aphidicola_JCM21238|33712	WP_067429931.1|csp22_consensus|Full_Seq|Erwinia|Erwinia_gerundensis_Eg31-2|33701
WP_099754922.1|csp22_consensus|Full_Seq|Erwinia|Erwinia_aphidicola_JCM21238|33712	WP_067429931.1|csp22_consensus|Full_Seq|Erwinia|Erwinia_gerundensis_Eg13-2|33702
WP_099754922.1|csp22_consensus|Full_Seq|Erwinia|Erwinia_aphidicola_JCM21238|33712	WP_067429931.1|csp22_consensus|Full_Seq|Erwinia|Erwinia_gerundensis_Eg13-3|33703
WP_099754922.1|csp22_consensus|Full_Seq|Erwinia|Erwinia_aphidicola_JCM21238|33712	WP_187510225.1|csp22_consensus|Full_Seq|Erwinia|Erwinia_persicina_DOAB1061|33705
WP_099754922.1|csp22_consensus|Full_Seq|Erwinia|Erwinia_aphidicola_JCM21238|33712	WP_062742582.1|csp22_consensus|Full_Seq|Erwinia|Erwinia_persicina_CFBP8797|33714
WP_099754922.1|csp22_consensus|Full_Seq|Erwinia|Erwinia_aphidicola_JCM21238|33712	WP_191927528.1|csp22_consensus|Full_Seq|Erwinia|Erwinia_persicina_CFBP8795|33715
WP_099754922.1|csp22_consensus|Full_Seq|Erwinia|Erwinia_aphidicola_JCM21238|33712	WP_191937394.1|csp22_consensus|Full_Seq|Erwinia|Erwinia_persicina_CFBP8803|33718
WP_099754922.1|csp22_consensus|Full_Seq|Erwinia|Erwinia_aphidicola_JCM21238|33712	WP_062742582.1|csp22_consensus|Full_Seq|Erwinia|Erwinia_persicina_CFBP8767|33720
WP_099754922.1|csp22_consensus|Full_Seq|Erwinia|Erwinia_aphidicola_JCM21238|33712	WP_062742582.1|csp22_consensus|Full_Seq|Erwinia|Erwinia_persicina_CFBP13732|33721
WP_099754922.1|csp22_consensus|Full_Seq|Erwinia|Erwinia_aphidicola_JCM21238|33712	WP_004159066.1|csp22_consensus|Full_Seq|Erwinia|Erwinia_amylovora_Ea1/79Sm|33763
WP_099754922.1|csp22_consensus|Full_Seq|Erwinia|Erwinia_aphidicola_JCM21238|33712	WP_004159066.1|csp22_consensus|Full_Seq|Erwinia|Erwinia_amylovora_Ea1189|33788
WP_099754922.1|csp22_consensus|Full_Seq|Erwinia|Erwinia_aphidicola_JCM21238|33712	WP_200547898.1|csp22_consensus|Full_Seq|Erwinia|Erwinia_spp_S38|33797
WP_099754922.1|csp22_consensus|Full_Seq|Erwinia|Erwinia_aphidicola_JCM21238|33712	WP_105592626.1|csp22_consensus|Full_Seq|Erwinia|Erwinia_spp_S43|33798
WP_099754922.1|csp22_consensus|Full_Seq|Erwinia|Erwinia_aphidicola_JCM21238|33712	WP_045832459.1|csp22_consensus|Full_Seq|Erwinia|Erwinia_spp_S59|33799
WP_099754922.1|csp22_consensus|Full_Seq|Erwinia|Erwinia_aphidicola_JCM21238|33712	WP_064511353.1|csp22_consensus|Full_Seq|Erwinia|Erwinia_spp_S63|33800
WP_099754922.1|csp22_consensus|Full_Seq|Erwinia|Erwinia_aphidicola_JCM21238|33712	WP_004159066.1|csp22_consensus|Full_Seq|Erwinia|Erwinia_amylovora_17-2187|33869
WP_099754922.1|csp22_consensus|Full_Seq|Erwinia|Erwinia_aphidicola_JCM21238|33712	WP_004159066.1|csp22_consensus|Full_Seq|Erwinia|Erwinia_amylovora_ATCC15580|33870
WP_099754922.1|csp22_consensus|Full_Seq|Erwinia|Erwinia_aphidicola_JCM21238|33712	WP_053142382.1|csp22_consensus|Full_Seq|Erwinia|Erwinia_billingiae_PBb|33872
WP_099754922.1|csp22_consensus|Full_Seq|Erwinia|Erwinia_aphidicola_JCM21238|33712	WP_209500000.1|csp22_consensus|Full_Seq|Erwinia|Erwinia_gerundensis_A4|33905
WP_099754922.1|csp22_consensus|Full_Seq|Erwinia|Erwinia_aphidicola_JCM21238|33712	WP_017801944.1|csp22_consensus|Full_Seq|Erwinia|Erwinia_toletana_WS4403|33911
WP_099754922.1|csp22_consensus|Full_Seq|Erwinia|Erwinia_aphidicola_JCM21238|33712	WP_212410105.1|csp22_consensus|Full_Seq|Erwinia|Erwinia_spp_E602|33944
WP_099754922.1|csp22_consensus|Full_Seq|Erwinia|Erwinia_aphidicola_JCM21238|33712	WP_062742582.1|csp22_consensus|Full_Seq|Erwinia|Erwinia_persicina_Cp2|33996
WP_099754922.1|csp22_consensus|Full_Seq|Erwinia|Erwinia_aphidicola_JCM21238|33712	WP_067707099.1|csp22_consensus|Full_Seq|Erwinia|Erwinia_spp_ErVv1|34044
