WP_012039159.1|csp22_consensus|Full_Seq|Clavibacter|Clavibacter_michiganensis_NCPPB382|162	WP_012039159.1|csp22_consensus|Full_Seq|Clavibacter|Clavibacter_michiganensis_NCPPB382|162
WP_012039159.1|csp22_consensus|Full_Seq|Clavibacter|Clavibacter_michiganensis_NCPPB382|162	WP_012300000.1|csp22_consensus|Full_Seq|Clavibacter|Clavibacter_sepedonicus_ATCC33113|168
WP_012039159.1|csp22_consensus|Full_Seq|Clavibacter|Clavibacter_michiganensis_NCPPB382|162	WP_015491070.1|csp22_consensus|Full_Seq|Clavibacter|Clavibacter_nebraskensis_NCPPB2581|1383
WP_012039159.1|csp22_consensus|Full_Seq|Clavibacter|Clavibacter_michiganensis_NCPPB382|162	WP_043583266.1|csp22_consensus|Full_Seq|Clavibacter|Clavibacter_michiganensis_LMG26808|2347
WP_012039159.1|csp22_consensus|Full_Seq|Clavibacter|Clavibacter_michiganensis_NCPPB382|162	WP_043673558.1|csp22_consensus|Full_Seq|Clavibacter|Clavibacter_michiganensis_CF11|3030
WP_012039159.1|csp22_consensus|Full_Seq|Clavibacter|Clavibacter_michiganensis_NCPPB382|162	WP_045529435.1|csp22_consensus|Full_Seq|Clavibacter|Clavibacter_insidiosus_R1-1|3802
WP_012039159.1|csp22_consensus|Full_Seq|Clavibacter|Clavibacter_michiganensis_NCPPB382|162	WP_015491070.1|csp22_consensus|Full_Seq|Clavibacter|Clavibacter_nebraskensis_DOAB397|4020
WP_012039159.1|csp22_consensus|Full_Seq|Clavibacter|Clavibacter_michiganensis_NCPPB382|162	WP_043673558.1|csp22_consensus|Full_Seq|Clavibacter|Clavibacter_capsici_PF008|5039
WP_012039159.1|csp22_consensus|Full_Seq|Clavibacter|Clavibacter_michiganensis_NCPPB382|162	WP_063071392.1|csp22_consensus|Full_Seq|Clavibacter|Clavibacter_tessellarius_DOAB609|6668
WP_012039159.1|csp22_consensus|Full_Seq|Clavibacter|Clavibacter_michiganensis_NCPPB382|162	WP_015491070.1|csp22_consensus|Full_Seq|Clavibacter|Clavibacter_nebraskensis_DOAB395|6722
WP_012039159.1|csp22_consensus|Full_Seq|Clavibacter|Clavibacter_michiganensis_NCPPB382|162	WP_012039159.1|csp22_consensus|Full_Seq|Clavibacter|Clavibacter_michiganensis_CAYO001|8317
WP_012039159.1|csp22_consensus|Full_Seq|Clavibacter|Clavibacter_michiganensis_NCPPB382|162	WP_012039159.1|csp22_consensus|Full_Seq|Clavibacter|Clavibacter_michiganensis_CASJ005|8321
WP_012039159.1|csp22_consensus|Full_Seq|Clavibacter|Clavibacter_michiganensis_NCPPB382|162	WP_079534890.1|csp22_consensus|Full_Seq|Clavibacter|Clavibacter_michiganensis_CASJ003|8327
WP_012039159.1|csp22_consensus|Full_Seq|Clavibacter|Clavibacter_michiganensis_NCPPB382|162	WP_012039159.1|csp22_consensus|Full_Seq|Clavibacter|Clavibacter_michiganensis_CA00001|8329
WP_012039159.1|csp22_consensus|Full_Seq|Clavibacter|Clavibacter_michiganensis_NCPPB382|162	WP_043673558.1|csp22_consensus|Full_Seq|Clavibacter|Clavibacter_spp_CFBP7576|8333
WP_012039159.1|csp22_consensus|Full_Seq|Clavibacter|Clavibacter_michiganensis_NCPPB382|162	WP_086514266.1|csp22_consensus|Full_Seq|Clavibacter|Clavibacter_spp_CFBP8019|8338
WP_012039159.1|csp22_consensus|Full_Seq|Clavibacter|Clavibacter_michiganensis_NCPPB382|162	WP_086520198.1|csp22_consensus|Full_Seq|Clavibacter|Clavibacter_spp_CFBP7494|8343
WP_012039159.1|csp22_consensus|Full_Seq|Clavibacter|Clavibacter_michiganensis_NCPPB382|162	WP_086517722.1|csp22_consensus|Full_Seq|Clavibacter|Clavibacter_tessellarius_CFBP8017|8347
WP_012039159.1|csp22_consensus|Full_Seq|Clavibacter|Clavibacter_michiganensis_NCPPB382|162	WP_012039159.1|csp22_consensus|Full_Seq|Clavibacter|Clavibacter_michiganensis_CASJ004|8389
WP_012039159.1|csp22_consensus|Full_Seq|Clavibacter|Clavibacter_michiganensis_NCPPB382|162	WP_012300000.1|csp22_consensus|Full_Seq|Clavibacter|Clavibacter_sepedonicus_CFIA-Cs3N|8682
WP_012039159.1|csp22_consensus|Full_Seq|Clavibacter|Clavibacter_michiganensis_NCPPB382|162	WP_045529435.1|csp22_consensus|Full_Seq|Clavibacter|Clavibacter_insidiosus_LMG3663|8684
WP_012039159.1|csp22_consensus|Full_Seq|Clavibacter|Clavibacter_michiganensis_NCPPB382|162	WP_012300000.1|csp22_consensus|Full_Seq|Clavibacter|Clavibacter_sepedonicus_CFIA-CsR14|8690
WP_012039159.1|csp22_consensus|Full_Seq|Clavibacter|Clavibacter_michiganensis_NCPPB382|162	WP_086517722.1|csp22_consensus|Full_Seq|Clavibacter|Clavibacter_tessellarius_ATCC33566|8693
WP_012039159.1|csp22_consensus|Full_Seq|Clavibacter|Clavibacter_michiganensis_NCPPB382|162	WP_094116501.1|csp22_consensus|Full_Seq|Clavibacter|Clavibacter_spp_AY1B3|10662
WP_012039159.1|csp22_consensus|Full_Seq|Clavibacter|Clavibacter_michiganensis_NCPPB382|162	WP_094116501.1|csp22_consensus|Full_Seq|Clavibacter|Clavibacter_spp_AY1A6|10666
WP_012039159.1|csp22_consensus|Full_Seq|Clavibacter|Clavibacter_michiganensis_NCPPB382|162	WP_079534890.1|csp22_consensus|Full_Seq|Clavibacter|Clavibacter_spp_AY1B2|10670
WP_012039159.1|csp22_consensus|Full_Seq|Clavibacter|Clavibacter_michiganensis_NCPPB382|162	WP_012039159.1|csp22_consensus|Full_Seq|Clavibacter|Clavibacter_michiganensis_Z002|10684
WP_012039159.1|csp22_consensus|Full_Seq|Clavibacter|Clavibacter_michiganensis_NCPPB382|162	WP_012039159.1|csp22_consensus|Full_Seq|Clavibacter|Clavibacter_michiganensis_Z001|10692
WP_012039159.1|csp22_consensus|Full_Seq|Clavibacter|Clavibacter_michiganensis_NCPPB382|162	WP_045529435.1|csp22_consensus|Full_Seq|Clavibacter|Clavibacter_insidiosus_R1-3|11610
WP_012039159.1|csp22_consensus|Full_Seq|Clavibacter|Clavibacter_michiganensis_NCPPB382|162	WP_045529435.1|csp22_consensus|Full_Seq|Clavibacter|Clavibacter_insidiosus_ATCC10253|11613
WP_012039159.1|csp22_consensus|Full_Seq|Clavibacter|Clavibacter_michiganensis_NCPPB382|162	WP_045529435.1|csp22_consensus|Full_Seq|Clavibacter|Clavibacter_insidiosus_CFBP1195|14576
WP_012039159.1|csp22_consensus|Full_Seq|Clavibacter|Clavibacter_michiganensis_NCPPB382|162	WP_079534890.1|csp22_consensus|Full_Seq|Clavibacter|Clavibacter_californiensis_CFBP8216|14582
WP_012039159.1|csp22_consensus|Full_Seq|Clavibacter|Clavibacter_michiganensis_NCPPB382|162	WP_119401855.1|csp22_consensus|Full_Seq|Clavibacter|Clavibacter_spp_CFBP7491|14586
WP_012039159.1|csp22_consensus|Full_Seq|Clavibacter|Clavibacter_michiganensis_NCPPB382|162	WP_043583266.1|csp22_consensus|Full_Seq|Clavibacter|Clavibacter_spp_CFBP7493|14589
WP_012039159.1|csp22_consensus|Full_Seq|Clavibacter|Clavibacter_michiganensis_NCPPB382|162	WP_119401855.1|csp22_consensus|Full_Seq|Clavibacter|Clavibacter_chilensis_CFBP8217|14594
WP_012039159.1|csp22_consensus|Full_Seq|Clavibacter|Clavibacter_michiganensis_NCPPB382|162	WP_119382000.1|csp22_consensus|Full_Seq|Clavibacter|Clavibacter_spp_CFBP8615|14598
WP_012039159.1|csp22_consensus|Full_Seq|Clavibacter|Clavibacter_michiganensis_NCPPB382|162	WP_119382000.1|csp22_consensus|Full_Seq|Clavibacter|Clavibacter_spp_CFBP8616|14601
WP_012039159.1|csp22_consensus|Full_Seq|Clavibacter|Clavibacter_michiganensis_NCPPB382|162	WP_119401855.1|csp22_consensus|Full_Seq|Clavibacter|Clavibacter_phaseoli_CFBP8627|14606
WP_012039159.1|csp22_consensus|Full_Seq|Clavibacter|Clavibacter_michiganensis_NCPPB382|162	WP_045529435.1|csp22_consensus|Full_Seq|Clavibacter|Clavibacter_insidiosus_CFBP2404|14995
WP_012039159.1|csp22_consensus|Full_Seq|Clavibacter|Clavibacter_michiganensis_NCPPB382|162	WP_079534890.1|csp22_consensus|Full_Seq|Clavibacter|Clavibacter_michiganensis_CFBP4999|15001
WP_012039159.1|csp22_consensus|Full_Seq|Clavibacter|Clavibacter_michiganensis_NCPPB382|162	WP_015491070.1|csp22_consensus|Full_Seq|Clavibacter|Clavibacter_nebraskensis_HF4|19268
WP_012039159.1|csp22_consensus|Full_Seq|Clavibacter|Clavibacter_michiganensis_NCPPB382|162	WP_015491070.1|csp22_consensus|Full_Seq|Clavibacter|Clavibacter_nebraskensis_61-1|19272
WP_012039159.1|csp22_consensus|Full_Seq|Clavibacter|Clavibacter_michiganensis_NCPPB382|162	WP_079534890.1|csp22_consensus|Full_Seq|Clavibacter|Clavibacter_michiganensis_UF1|19277
WP_012039159.1|csp22_consensus|Full_Seq|Clavibacter|Clavibacter_michiganensis_NCPPB382|162	WP_012039159.1|csp22_consensus|Full_Seq|Clavibacter|Clavibacter_michiganensis_NZ2541|19470
WP_012039159.1|csp22_consensus|Full_Seq|Clavibacter|Clavibacter_michiganensis_NCPPB382|162	WP_012039159.1|csp22_consensus|Full_Seq|Clavibacter|Clavibacter_michiganensis_ATCC14456|19474
WP_012039159.1|csp22_consensus|Full_Seq|Clavibacter|Clavibacter_michiganensis_NCPPB382|162	WP_012039159.1|csp22_consensus|Full_Seq|Clavibacter|Clavibacter_michiganensis_CFBP7315|19477
WP_012039159.1|csp22_consensus|Full_Seq|Clavibacter|Clavibacter_michiganensis_NCPPB382|162	WP_079534890.1|csp22_consensus|Full_Seq|Clavibacter|Clavibacter_michiganensis_CFBP7314|19481
WP_012039159.1|csp22_consensus|Full_Seq|Clavibacter|Clavibacter_michiganensis_NCPPB382|162	WP_012039159.1|csp22_consensus|Full_Seq|Clavibacter|Clavibacter_michiganensis_CFBP7568|19483
WP_012039159.1|csp22_consensus|Full_Seq|Clavibacter|Clavibacter_michiganensis_NCPPB382|162	WP_012039159.1|csp22_consensus|Full_Seq|Clavibacter|Clavibacter_michiganensis_CFBP2494|19486
WP_012039159.1|csp22_consensus|Full_Seq|Clavibacter|Clavibacter_michiganensis_NCPPB382|162	WP_094113885.1|csp22_consensus|Full_Seq|Clavibacter|Clavibacter_michiganensis_ARZ28|19489
WP_012039159.1|csp22_consensus|Full_Seq|Clavibacter|Clavibacter_michiganensis_NCPPB382|162	WP_012039159.1|csp22_consensus|Full_Seq|Clavibacter|Clavibacter_michiganensis_CFBP6885|19492
WP_012039159.1|csp22_consensus|Full_Seq|Clavibacter|Clavibacter_michiganensis_NCPPB382|162	WP_079534890.1|csp22_consensus|Full_Seq|Clavibacter|Clavibacter_michiganensis_CFBP7316|19496
WP_012039159.1|csp22_consensus|Full_Seq|Clavibacter|Clavibacter_michiganensis_NCPPB382|162	WP_012039159.1|csp22_consensus|Full_Seq|Clavibacter|Clavibacter_michiganensis_CFBP7488|19498
WP_012039159.1|csp22_consensus|Full_Seq|Clavibacter|Clavibacter_michiganensis_NCPPB382|162	WP_012039159.1|csp22_consensus|Full_Seq|Clavibacter|Clavibacter_michiganensis_NZ1811|19501
WP_012039159.1|csp22_consensus|Full_Seq|Clavibacter|Clavibacter_michiganensis_NCPPB382|162	WP_012039159.1|csp22_consensus|Full_Seq|Clavibacter|Clavibacter_michiganensis_CFBP7589|19504
WP_012039159.1|csp22_consensus|Full_Seq|Clavibacter|Clavibacter_michiganensis_NCPPB382|162	WP_012039159.1|csp22_consensus|Full_Seq|Clavibacter|Clavibacter_michiganensis_NZ5026|19507
WP_012039159.1|csp22_consensus|Full_Seq|Clavibacter|Clavibacter_michiganensis_NCPPB382|162	WP_012039159.1|csp22_consensus|Full_Seq|Clavibacter|Clavibacter_michiganensis_CFBP1465|19510
WP_012039159.1|csp22_consensus|Full_Seq|Clavibacter|Clavibacter_michiganensis_NCPPB382|162	WP_012039159.1|csp22_consensus|Full_Seq|Clavibacter|Clavibacter_michiganensis_CFBP1940|19513
WP_012039159.1|csp22_consensus|Full_Seq|Clavibacter|Clavibacter_michiganensis_NCPPB382|162	WP_012039159.1|csp22_consensus|Full_Seq|Clavibacter|Clavibacter_michiganensis_ATCC10202|19516
WP_012039159.1|csp22_consensus|Full_Seq|Clavibacter|Clavibacter_michiganensis_NCPPB382|162	WP_012039159.1|csp22_consensus|Full_Seq|Clavibacter|Clavibacter_michiganensis_CFBP2500|19519
WP_012039159.1|csp22_consensus|Full_Seq|Clavibacter|Clavibacter_michiganensis_NCPPB382|162	WP_012039159.1|csp22_consensus|Full_Seq|Clavibacter|Clavibacter_michiganensis_CFBP5842|19522
WP_012039159.1|csp22_consensus|Full_Seq|Clavibacter|Clavibacter_michiganensis_NCPPB382|162	WP_012039159.1|csp22_consensus|Full_Seq|Clavibacter|Clavibacter_michiganensis_CFBP7158|19525
WP_012039159.1|csp22_consensus|Full_Seq|Clavibacter|Clavibacter_michiganensis_NCPPB382|162	WP_012039159.1|csp22_consensus|Full_Seq|Clavibacter|Clavibacter_michiganensis_CFBP7311|19528
WP_012039159.1|csp22_consensus|Full_Seq|Clavibacter|Clavibacter_michiganensis_NCPPB382|162	WP_012039159.1|csp22_consensus|Full_Seq|Clavibacter|Clavibacter_michiganensis_CFBP7312|19531
WP_012039159.1|csp22_consensus|Full_Seq|Clavibacter|Clavibacter_michiganensis_NCPPB382|162	WP_012039159.1|csp22_consensus|Full_Seq|Clavibacter|Clavibacter_michiganensis_OP3|20046
WP_012039159.1|csp22_consensus|Full_Seq|Clavibacter|Clavibacter_michiganensis_NCPPB382|162	WP_043673558.1|csp22_consensus|Full_Seq|Clavibacter|Clavibacter_capsici_1106|20049
WP_012039159.1|csp22_consensus|Full_Seq|Clavibacter|Clavibacter_michiganensis_NCPPB382|162	WP_043673558.1|csp22_consensus|Full_Seq|Clavibacter|Clavibacter_capsici_1101|20053
WP_012039159.1|csp22_consensus|Full_Seq|Clavibacter|Clavibacter_michiganensis_NCPPB382|162	WP_012039159.1|csp22_consensus|Full_Seq|Clavibacter|Clavibacter_michiganensis_MSF322|20092
WP_012039159.1|csp22_consensus|Full_Seq|Clavibacter|Clavibacter_michiganensis_NCPPB382|162	WP_012039159.1|csp22_consensus|Full_Seq|Clavibacter|Clavibacter_michiganensis_VL527|20096
WP_012039159.1|csp22_consensus|Full_Seq|Clavibacter|Clavibacter_michiganensis_NCPPB382|162	WP_086517722.1|csp22_consensus|Full_Seq|Clavibacter|Clavibacter_spp_DM1|24431
WP_012039159.1|csp22_consensus|Full_Seq|Clavibacter|Clavibacter_michiganensis_NCPPB382|162	WP_012039159.1|csp22_consensus|Full_Seq|Clavibacter|Clavibacter_michiganensis_1217|24628
WP_012039159.1|csp22_consensus|Full_Seq|Clavibacter|Clavibacter_michiganensis_NCPPB382|162	WP_194636117.1|csp22_consensus|Full_Seq|Clavibacter|Clavibacter_spp_VKMAc-2873|24881
WP_012039159.1|csp22_consensus|Full_Seq|Clavibacter|Clavibacter_michiganensis_NCPPB382|162	WP_194636117.1|csp22_consensus|Full_Seq|Clavibacter|Clavibacter_spp_VKMAc-2872|24892
WP_012039159.1|csp22_consensus|Full_Seq|Clavibacter|Clavibacter_michiganensis_NCPPB382|162	WP_079534890.1|csp22_consensus|Full_Seq|Clavibacter|Clavibacter_spp_VKMAc-2542|24896
WP_012039159.1|csp22_consensus|Full_Seq|Clavibacter|Clavibacter_michiganensis_NCPPB382|162	WP_119401855.1|csp22_consensus|Full_Seq|Clavibacter|Clavibacter_phaseoli_VKMAc-2886|24900
WP_012039159.1|csp22_consensus|Full_Seq|Clavibacter|Clavibacter_michiganensis_NCPPB382|162	WP_079534890.1|csp22_consensus|Full_Seq|Clavibacter|Clavibacter_michiganensis_VKMAc-1790|24904
WP_012039159.1|csp22_consensus|Full_Seq|Clavibacter|Clavibacter_michiganensis_NCPPB382|162	WP_086517722.1|csp22_consensus|Full_Seq|Clavibacter|Clavibacter_spp_DM3|26656
WP_012039159.1|csp22_consensus|Full_Seq|Clavibacter|Clavibacter_michiganensis_NCPPB382|162	WP_194636117.1|csp22_consensus|Full_Seq|Clavibacter|Clavibacter_michiganensis_PvP098|26677
WP_012039159.1|csp22_consensus|Full_Seq|Clavibacter|Clavibacter_michiganensis_NCPPB382|162	WP_119401855.1|csp22_consensus|Full_Seq|Clavibacter|Clavibacter_michiganensis_PvP097|26681
WP_012039159.1|csp22_consensus|Full_Seq|Clavibacter|Clavibacter_michiganensis_NCPPB382|162	WP_209660061.1|csp22_consensus|Full_Seq|Clavibacter|Clavibacter_michiganensis_PvP036|27923
WP_012039159.1|csp22_consensus|Full_Seq|Clavibacter|Clavibacter_michiganensis_NCPPB382|162	WP_086517722.1|csp22_consensus|Full_Seq|Clavibacter|Clavibacter_spp_CFBP3399|28610
WP_012039159.1|csp22_consensus|Full_Seq|Clavibacter|Clavibacter_michiganensis_NCPPB382|162	WP_012039159.1|csp22_consensus|Full_Seq|Clavibacter|Clavibacter_michiganensis_VQ28|29234
WP_012039159.1|csp22_consensus|Full_Seq|Clavibacter|Clavibacter_michiganensis_NCPPB382|162	WP_012039159.1|csp22_consensus|Full_Seq|Clavibacter|Clavibacter_michiganensis_VQ143|29238
WP_012039159.1|csp22_consensus|Full_Seq|Clavibacter|Clavibacter_michiganensis_NCPPB382|162	WP_012039159.1|csp22_consensus|Full_Seq|Clavibacter|Clavibacter_michiganensis_317|29378
WP_012039159.1|csp22_consensus|Full_Seq|Clavibacter|Clavibacter_michiganensis_NCPPB382|162	WP_079534890.1|csp22_consensus|Full_Seq|Clavibacter|Clavibacter_michiganensis_VKMAc-1403|30445
WP_012039167.1|csp22_consensus|Full_Seq|Clavibacter|Clavibacter_michiganensis_NCPPB382|163	WP_012039167.1|csp22_consensus|Full_Seq|Clavibacter|Clavibacter_michiganensis_NCPPB382|163
WP_012039167.1|csp22_consensus|Full_Seq|Clavibacter|Clavibacter_michiganensis_NCPPB382|163	WP_012039167.1|csp22_consensus|Full_Seq|Clavibacter|Clavibacter_sepedonicus_ATCC33113|166
WP_012039167.1|csp22_consensus|Full_Seq|Clavibacter|Clavibacter_michiganensis_NCPPB382|163	WP_012039167.1|csp22_consensus|Full_Seq|Clavibacter|Clavibacter_nebraskensis_NCPPB2581|1382
WP_012039167.1|csp22_consensus|Full_Seq|Clavibacter|Clavibacter_michiganensis_NCPPB382|163	WP_012039167.1|csp22_consensus|Full_Seq|Clavibacter|Clavibacter_michiganensis_LMG26808|2346
WP_012039167.1|csp22_consensus|Full_Seq|Clavibacter|Clavibacter_michiganensis_NCPPB382|163	WP_043673665.1|csp22_consensus|Full_Seq|Clavibacter|Clavibacter_michiganensis_CF11|3031
WP_012039167.1|csp22_consensus|Full_Seq|Clavibacter|Clavibacter_michiganensis_NCPPB382|163	WP_045529449.1|csp22_consensus|Full_Seq|Clavibacter|Clavibacter_insidiosus_R1-1|3803
WP_012039167.1|csp22_consensus|Full_Seq|Clavibacter|Clavibacter_michiganensis_NCPPB382|163	WP_012039167.1|csp22_consensus|Full_Seq|Clavibacter|Clavibacter_nebraskensis_DOAB397|4019
WP_012039167.1|csp22_consensus|Full_Seq|Clavibacter|Clavibacter_michiganensis_NCPPB382|163	WP_053775162.1|csp22_consensus|Full_Seq|Clavibacter|Clavibacter_capsici_PF008|5040
WP_012039167.1|csp22_consensus|Full_Seq|Clavibacter|Clavibacter_michiganensis_NCPPB382|163	WP_063071385.1|csp22_consensus|Full_Seq|Clavibacter|Clavibacter_tessellarius_DOAB609|6667
WP_012039167.1|csp22_consensus|Full_Seq|Clavibacter|Clavibacter_michiganensis_NCPPB382|163	WP_012039167.1|csp22_consensus|Full_Seq|Clavibacter|Clavibacter_nebraskensis_DOAB395|6721
WP_012039167.1|csp22_consensus|Full_Seq|Clavibacter|Clavibacter_michiganensis_NCPPB382|163	WP_012039167.1|csp22_consensus|Full_Seq|Clavibacter|Clavibacter_michiganensis_CAYO001|8318
WP_012039167.1|csp22_consensus|Full_Seq|Clavibacter|Clavibacter_michiganensis_NCPPB382|163	WP_012039167.1|csp22_consensus|Full_Seq|Clavibacter|Clavibacter_michiganensis_CASJ005|8322
WP_012039167.1|csp22_consensus|Full_Seq|Clavibacter|Clavibacter_michiganensis_NCPPB382|163	WP_012039167.1|csp22_consensus|Full_Seq|Clavibacter|Clavibacter_michiganensis_CASJ003|8325
WP_012039167.1|csp22_consensus|Full_Seq|Clavibacter|Clavibacter_michiganensis_NCPPB382|163	WP_012039167.1|csp22_consensus|Full_Seq|Clavibacter|Clavibacter_michiganensis_CA00001|8330
WP_012039167.1|csp22_consensus|Full_Seq|Clavibacter|Clavibacter_michiganensis_NCPPB382|163	WP_086527168.1|csp22_consensus|Full_Seq|Clavibacter|Clavibacter_spp_CFBP7576|8335
WP_012039167.1|csp22_consensus|Full_Seq|Clavibacter|Clavibacter_michiganensis_NCPPB382|163	WP_012039167.1|csp22_consensus|Full_Seq|Clavibacter|Clavibacter_spp_CFBP8019|8337
WP_012039167.1|csp22_consensus|Full_Seq|Clavibacter|Clavibacter_michiganensis_NCPPB382|163	WP_012039167.1|csp22_consensus|Full_Seq|Clavibacter|Clavibacter_spp_CFBP7494|8341
WP_012039167.1|csp22_consensus|Full_Seq|Clavibacter|Clavibacter_michiganensis_NCPPB382|163	WP_063071385.1|csp22_consensus|Full_Seq|Clavibacter|Clavibacter_tessellarius_CFBP8017|8346
WP_012039167.1|csp22_consensus|Full_Seq|Clavibacter|Clavibacter_michiganensis_NCPPB382|163	WP_012039167.1|csp22_consensus|Full_Seq|Clavibacter|Clavibacter_michiganensis_CASJ004|8390
WP_012039167.1|csp22_consensus|Full_Seq|Clavibacter|Clavibacter_michiganensis_NCPPB382|163	WP_012039167.1|csp22_consensus|Full_Seq|Clavibacter|Clavibacter_sepedonicus_CFIA-Cs3N|8680
WP_012039167.1|csp22_consensus|Full_Seq|Clavibacter|Clavibacter_michiganensis_NCPPB382|163	WP_045529449.1|csp22_consensus|Full_Seq|Clavibacter|Clavibacter_insidiosus_LMG3663|8685
WP_012039167.1|csp22_consensus|Full_Seq|Clavibacter|Clavibacter_michiganensis_NCPPB382|163	WP_012039167.1|csp22_consensus|Full_Seq|Clavibacter|Clavibacter_sepedonicus_CFIA-CsR14|8688
WP_012039167.1|csp22_consensus|Full_Seq|Clavibacter|Clavibacter_michiganensis_NCPPB382|163	WP_094128018.1|csp22_consensus|Full_Seq|Clavibacter|Clavibacter_tessellarius_ATCC33566|8694
WP_012039167.1|csp22_consensus|Full_Seq|Clavibacter|Clavibacter_michiganensis_NCPPB382|163	WP_094117046.1|csp22_consensus|Full_Seq|Clavibacter|Clavibacter_spp_AY1B3|10663
WP_012039167.1|csp22_consensus|Full_Seq|Clavibacter|Clavibacter_michiganensis_NCPPB382|163	WP_012039167.1|csp22_consensus|Full_Seq|Clavibacter|Clavibacter_spp_AY1B2|10668
WP_012039167.1|csp22_consensus|Full_Seq|Clavibacter|Clavibacter_michiganensis_NCPPB382|163	WP_012039167.1|csp22_consensus|Full_Seq|Clavibacter|Clavibacter_michiganensis_Z002|10685
WP_012039167.1|csp22_consensus|Full_Seq|Clavibacter|Clavibacter_michiganensis_NCPPB382|163	WP_012039167.1|csp22_consensus|Full_Seq|Clavibacter|Clavibacter_michiganensis_Z001|10693
WP_012039167.1|csp22_consensus|Full_Seq|Clavibacter|Clavibacter_michiganensis_NCPPB382|163	WP_045529449.1|csp22_consensus|Full_Seq|Clavibacter|Clavibacter_insidiosus_R1-3|11611
WP_012039167.1|csp22_consensus|Full_Seq|Clavibacter|Clavibacter_michiganensis_NCPPB382|163	WP_045529449.1|csp22_consensus|Full_Seq|Clavibacter|Clavibacter_insidiosus_ATCC10253|11614
WP_012039167.1|csp22_consensus|Full_Seq|Clavibacter|Clavibacter_michiganensis_NCPPB382|163	WP_045529449.1|csp22_consensus|Full_Seq|Clavibacter|Clavibacter_insidiosus_CFBP1195|14577
WP_012039167.1|csp22_consensus|Full_Seq|Clavibacter|Clavibacter_michiganensis_NCPPB382|163	WP_012039167.1|csp22_consensus|Full_Seq|Clavibacter|Clavibacter_californiensis_CFBP8216|14580
WP_012039167.1|csp22_consensus|Full_Seq|Clavibacter|Clavibacter_michiganensis_NCPPB382|163	WP_012039167.1|csp22_consensus|Full_Seq|Clavibacter|Clavibacter_spp_CFBP7491|14584
WP_012039167.1|csp22_consensus|Full_Seq|Clavibacter|Clavibacter_michiganensis_NCPPB382|163	WP_012039167.1|csp22_consensus|Full_Seq|Clavibacter|Clavibacter_spp_CFBP7493|14588
WP_012039167.1|csp22_consensus|Full_Seq|Clavibacter|Clavibacter_michiganensis_NCPPB382|163	WP_012039167.1|csp22_consensus|Full_Seq|Clavibacter|Clavibacter_chilensis_CFBP8217|14592
WP_012039167.1|csp22_consensus|Full_Seq|Clavibacter|Clavibacter_michiganensis_NCPPB382|163	WP_012039167.1|csp22_consensus|Full_Seq|Clavibacter|Clavibacter_spp_CFBP8615|14596
WP_012039167.1|csp22_consensus|Full_Seq|Clavibacter|Clavibacter_michiganensis_NCPPB382|163	WP_012039167.1|csp22_consensus|Full_Seq|Clavibacter|Clavibacter_spp_CFBP8616|14600
WP_012039167.1|csp22_consensus|Full_Seq|Clavibacter|Clavibacter_michiganensis_NCPPB382|163	WP_012039167.1|csp22_consensus|Full_Seq|Clavibacter|Clavibacter_phaseoli_CFBP8627|14604
WP_012039167.1|csp22_consensus|Full_Seq|Clavibacter|Clavibacter_michiganensis_NCPPB382|163	WP_045529449.1|csp22_consensus|Full_Seq|Clavibacter|Clavibacter_insidiosus_CFBP2404|14996
WP_012039167.1|csp22_consensus|Full_Seq|Clavibacter|Clavibacter_michiganensis_NCPPB382|163	WP_012039167.1|csp22_consensus|Full_Seq|Clavibacter|Clavibacter_michiganensis_CFBP4999|14999
WP_012039167.1|csp22_consensus|Full_Seq|Clavibacter|Clavibacter_michiganensis_NCPPB382|163	WP_012039167.1|csp22_consensus|Full_Seq|Clavibacter|Clavibacter_nebraskensis_HF4|19267
WP_012039167.1|csp22_consensus|Full_Seq|Clavibacter|Clavibacter_michiganensis_NCPPB382|163	WP_012039167.1|csp22_consensus|Full_Seq|Clavibacter|Clavibacter_nebraskensis_61-1|19271
WP_012039167.1|csp22_consensus|Full_Seq|Clavibacter|Clavibacter_michiganensis_NCPPB382|163	WP_012039167.1|csp22_consensus|Full_Seq|Clavibacter|Clavibacter_michiganensis_UF1|19275
WP_012039167.1|csp22_consensus|Full_Seq|Clavibacter|Clavibacter_michiganensis_NCPPB382|163	WP_012039167.1|csp22_consensus|Full_Seq|Clavibacter|Clavibacter_michiganensis_NZ2541|19471
WP_012039167.1|csp22_consensus|Full_Seq|Clavibacter|Clavibacter_michiganensis_NCPPB382|163	WP_012039167.1|csp22_consensus|Full_Seq|Clavibacter|Clavibacter_michiganensis_ATCC14456|19475
WP_012039167.1|csp22_consensus|Full_Seq|Clavibacter|Clavibacter_michiganensis_NCPPB382|163	WP_012039167.1|csp22_consensus|Full_Seq|Clavibacter|Clavibacter_michiganensis_CFBP7315|19478
WP_012039167.1|csp22_consensus|Full_Seq|Clavibacter|Clavibacter_michiganensis_NCPPB382|163	WP_012039167.1|csp22_consensus|Full_Seq|Clavibacter|Clavibacter_michiganensis_CFBP7314|19480
WP_012039167.1|csp22_consensus|Full_Seq|Clavibacter|Clavibacter_michiganensis_NCPPB382|163	WP_012039167.1|csp22_consensus|Full_Seq|Clavibacter|Clavibacter_michiganensis_CFBP7568|19484
WP_012039167.1|csp22_consensus|Full_Seq|Clavibacter|Clavibacter_michiganensis_NCPPB382|163	WP_012039167.1|csp22_consensus|Full_Seq|Clavibacter|Clavibacter_michiganensis_CFBP2494|19487
WP_012039167.1|csp22_consensus|Full_Seq|Clavibacter|Clavibacter_michiganensis_NCPPB382|163	WP_094113886.1|csp22_consensus|Full_Seq|Clavibacter|Clavibacter_michiganensis_ARZ28|19490
WP_012039167.1|csp22_consensus|Full_Seq|Clavibacter|Clavibacter_michiganensis_NCPPB382|163	WP_012039167.1|csp22_consensus|Full_Seq|Clavibacter|Clavibacter_michiganensis_CFBP6885|19493
WP_012039167.1|csp22_consensus|Full_Seq|Clavibacter|Clavibacter_michiganensis_NCPPB382|163	WP_012039167.1|csp22_consensus|Full_Seq|Clavibacter|Clavibacter_michiganensis_CFBP7316|19495
WP_012039167.1|csp22_consensus|Full_Seq|Clavibacter|Clavibacter_michiganensis_NCPPB382|163	WP_012039167.1|csp22_consensus|Full_Seq|Clavibacter|Clavibacter_michiganensis_CFBP7488|19499
WP_012039167.1|csp22_consensus|Full_Seq|Clavibacter|Clavibacter_michiganensis_NCPPB382|163	WP_012039167.1|csp22_consensus|Full_Seq|Clavibacter|Clavibacter_michiganensis_NZ1811|19502
WP_012039167.1|csp22_consensus|Full_Seq|Clavibacter|Clavibacter_michiganensis_NCPPB382|163	WP_012039167.1|csp22_consensus|Full_Seq|Clavibacter|Clavibacter_michiganensis_CFBP7589|19505
WP_012039167.1|csp22_consensus|Full_Seq|Clavibacter|Clavibacter_michiganensis_NCPPB382|163	WP_012039167.1|csp22_consensus|Full_Seq|Clavibacter|Clavibacter_michiganensis_NZ5026|19508
WP_012039167.1|csp22_consensus|Full_Seq|Clavibacter|Clavibacter_michiganensis_NCPPB382|163	WP_012039167.1|csp22_consensus|Full_Seq|Clavibacter|Clavibacter_michiganensis_CFBP1465|19511
WP_012039167.1|csp22_consensus|Full_Seq|Clavibacter|Clavibacter_michiganensis_NCPPB382|163	WP_012039167.1|csp22_consensus|Full_Seq|Clavibacter|Clavibacter_michiganensis_CFBP1940|19514
WP_012039167.1|csp22_consensus|Full_Seq|Clavibacter|Clavibacter_michiganensis_NCPPB382|163	WP_012039167.1|csp22_consensus|Full_Seq|Clavibacter|Clavibacter_michiganensis_ATCC10202|19517
WP_012039167.1|csp22_consensus|Full_Seq|Clavibacter|Clavibacter_michiganensis_NCPPB382|163	WP_012039167.1|csp22_consensus|Full_Seq|Clavibacter|Clavibacter_michiganensis_CFBP2500|19520
WP_012039167.1|csp22_consensus|Full_Seq|Clavibacter|Clavibacter_michiganensis_NCPPB382|163	WP_012039167.1|csp22_consensus|Full_Seq|Clavibacter|Clavibacter_michiganensis_CFBP5842|19523
WP_012039167.1|csp22_consensus|Full_Seq|Clavibacter|Clavibacter_michiganensis_NCPPB382|163	WP_012039167.1|csp22_consensus|Full_Seq|Clavibacter|Clavibacter_michiganensis_CFBP7158|19526
WP_012039167.1|csp22_consensus|Full_Seq|Clavibacter|Clavibacter_michiganensis_NCPPB382|163	WP_012039167.1|csp22_consensus|Full_Seq|Clavibacter|Clavibacter_michiganensis_CFBP7311|19529
WP_012039167.1|csp22_consensus|Full_Seq|Clavibacter|Clavibacter_michiganensis_NCPPB382|163	WP_012039167.1|csp22_consensus|Full_Seq|Clavibacter|Clavibacter_michiganensis_CFBP7312|19532
WP_012039167.1|csp22_consensus|Full_Seq|Clavibacter|Clavibacter_michiganensis_NCPPB382|163	WP_012039167.1|csp22_consensus|Full_Seq|Clavibacter|Clavibacter_michiganensis_OP3|20047
WP_012039167.1|csp22_consensus|Full_Seq|Clavibacter|Clavibacter_michiganensis_NCPPB382|163	WP_053775162.1|csp22_consensus|Full_Seq|Clavibacter|Clavibacter_capsici_1106|20050
WP_012039167.1|csp22_consensus|Full_Seq|Clavibacter|Clavibacter_michiganensis_NCPPB382|163	WP_053775162.1|csp22_consensus|Full_Seq|Clavibacter|Clavibacter_capsici_1101|20054
WP_012039167.1|csp22_consensus|Full_Seq|Clavibacter|Clavibacter_michiganensis_NCPPB382|163	WP_012039167.1|csp22_consensus|Full_Seq|Clavibacter|Clavibacter_michiganensis_MSF322|20093
WP_012039167.1|csp22_consensus|Full_Seq|Clavibacter|Clavibacter_michiganensis_NCPPB382|163	WP_012039167.1|csp22_consensus|Full_Seq|Clavibacter|Clavibacter_michiganensis_VL527|20097
WP_012039167.1|csp22_consensus|Full_Seq|Clavibacter|Clavibacter_michiganensis_NCPPB382|163	WP_191149184.1|csp22_consensus|Full_Seq|Clavibacter|Clavibacter_spp_DM1|24433
WP_012039167.1|csp22_consensus|Full_Seq|Clavibacter|Clavibacter_michiganensis_NCPPB382|163	WP_012039167.1|csp22_consensus|Full_Seq|Clavibacter|Clavibacter_michiganensis_1217|24629
WP_012039167.1|csp22_consensus|Full_Seq|Clavibacter|Clavibacter_michiganensis_NCPPB382|163	WP_012039167.1|csp22_consensus|Full_Seq|Clavibacter|Clavibacter_spp_VKMAc-2873|24879
WP_012039167.1|csp22_consensus|Full_Seq|Clavibacter|Clavibacter_michiganensis_NCPPB382|163	WP_012039167.1|csp22_consensus|Full_Seq|Clavibacter|Clavibacter_spp_VKMAc-2872|24890
WP_012039167.1|csp22_consensus|Full_Seq|Clavibacter|Clavibacter_michiganensis_NCPPB382|163	WP_012039167.1|csp22_consensus|Full_Seq|Clavibacter|Clavibacter_spp_VKMAc-2542|24894
WP_012039167.1|csp22_consensus|Full_Seq|Clavibacter|Clavibacter_michiganensis_NCPPB382|163	WP_012039167.1|csp22_consensus|Full_Seq|Clavibacter|Clavibacter_phaseoli_VKMAc-2886|24898
WP_012039167.1|csp22_consensus|Full_Seq|Clavibacter|Clavibacter_michiganensis_NCPPB382|163	WP_012039167.1|csp22_consensus|Full_Seq|Clavibacter|Clavibacter_michiganensis_VKMAc-1790|24902
WP_012039167.1|csp22_consensus|Full_Seq|Clavibacter|Clavibacter_michiganensis_NCPPB382|163	WP_012039167.1|csp22_consensus|Full_Seq|Clavibacter|Clavibacter_michiganensis_PvP098|26675
WP_012039167.1|csp22_consensus|Full_Seq|Clavibacter|Clavibacter_michiganensis_NCPPB382|163	WP_012039167.1|csp22_consensus|Full_Seq|Clavibacter|Clavibacter_michiganensis_PvP097|26679
WP_012039167.1|csp22_consensus|Full_Seq|Clavibacter|Clavibacter_michiganensis_NCPPB382|163	WP_209660456.1|csp22_consensus|Full_Seq|Clavibacter|Clavibacter_michiganensis_PvP036|27924
WP_012039167.1|csp22_consensus|Full_Seq|Clavibacter|Clavibacter_michiganensis_NCPPB382|163	WP_094128018.1|csp22_consensus|Full_Seq|Clavibacter|Clavibacter_spp_CFBP3399|28611
WP_012039167.1|csp22_consensus|Full_Seq|Clavibacter|Clavibacter_michiganensis_NCPPB382|163	WP_012039167.1|csp22_consensus|Full_Seq|Clavibacter|Clavibacter_michiganensis_VQ28|29235
WP_012039167.1|csp22_consensus|Full_Seq|Clavibacter|Clavibacter_michiganensis_NCPPB382|163	WP_012039167.1|csp22_consensus|Full_Seq|Clavibacter|Clavibacter_michiganensis_VQ143|29239
WP_012039167.1|csp22_consensus|Full_Seq|Clavibacter|Clavibacter_michiganensis_NCPPB382|163	WP_012039167.1|csp22_consensus|Full_Seq|Clavibacter|Clavibacter_michiganensis_317|29379
WP_012039167.1|csp22_consensus|Full_Seq|Clavibacter|Clavibacter_michiganensis_NCPPB382|163	WP_012039167.1|csp22_consensus|Full_Seq|Clavibacter|Clavibacter_michiganensis_VKMAc-1403|30443
WP_012039167.1|csp22_consensus|Full_Seq|Clavibacter|Clavibacter_michiganensis_NCPPB382|163	WP_012038298.1|csp22_consensus|Full_Seq|Clavibacter|Clavibacter_michiganensis_NCPPB382|161
WP_012039167.1|csp22_consensus|Full_Seq|Clavibacter|Clavibacter_michiganensis_NCPPB382|163	WP_012038298.1|csp22_consensus|Full_Seq|Clavibacter|Clavibacter_sepedonicus_ATCC33113|165
WP_012039167.1|csp22_consensus|Full_Seq|Clavibacter|Clavibacter_michiganensis_NCPPB382|163	WP_012038298.1|csp22_consensus|Full_Seq|Clavibacter|Clavibacter_nebraskensis_NCPPB2581|1381
WP_012039167.1|csp22_consensus|Full_Seq|Clavibacter|Clavibacter_michiganensis_NCPPB382|163	WP_012038298.1|csp22_consensus|Full_Seq|Clavibacter|Clavibacter_michiganensis_LMG26808|2345
WP_012039167.1|csp22_consensus|Full_Seq|Clavibacter|Clavibacter_michiganensis_NCPPB382|163	WP_012038298.1|csp22_consensus|Full_Seq|Clavibacter|Clavibacter_michiganensis_CF11|3028
WP_012039167.1|csp22_consensus|Full_Seq|Clavibacter|Clavibacter_michiganensis_NCPPB382|163	WP_045527920.1|csp22_consensus|Full_Seq|Clavibacter|Clavibacter_insidiosus_R1-1|3801
WP_012039167.1|csp22_consensus|Full_Seq|Clavibacter|Clavibacter_michiganensis_NCPPB382|163	WP_012038298.1|csp22_consensus|Full_Seq|Clavibacter|Clavibacter_nebraskensis_DOAB397|4018
WP_012039167.1|csp22_consensus|Full_Seq|Clavibacter|Clavibacter_michiganensis_NCPPB382|163	WP_012038298.1|csp22_consensus|Full_Seq|Clavibacter|Clavibacter_capsici_PF008|5038
WP_012039167.1|csp22_consensus|Full_Seq|Clavibacter|Clavibacter_michiganensis_NCPPB382|163	WP_012038298.1|csp22_consensus|Full_Seq|Clavibacter|Clavibacter_tessellarius_DOAB609|6665
WP_012039167.1|csp22_consensus|Full_Seq|Clavibacter|Clavibacter_michiganensis_NCPPB382|163	WP_012038298.1|csp22_consensus|Full_Seq|Clavibacter|Clavibacter_nebraskensis_DOAB395|6720
WP_012039167.1|csp22_consensus|Full_Seq|Clavibacter|Clavibacter_michiganensis_NCPPB382|163	WP_012038298.1|csp22_consensus|Full_Seq|Clavibacter|Clavibacter_michiganensis_CAYO001|8316
WP_012039167.1|csp22_consensus|Full_Seq|Clavibacter|Clavibacter_michiganensis_NCPPB382|163	WP_012038298.1|csp22_consensus|Full_Seq|Clavibacter|Clavibacter_michiganensis_CASJ005|8320
WP_012039167.1|csp22_consensus|Full_Seq|Clavibacter|Clavibacter_michiganensis_NCPPB382|163	WP_012038298.1|csp22_consensus|Full_Seq|Clavibacter|Clavibacter_michiganensis_CASJ003|8324
WP_012039167.1|csp22_consensus|Full_Seq|Clavibacter|Clavibacter_michiganensis_NCPPB382|163	WP_012038298.1|csp22_consensus|Full_Seq|Clavibacter|Clavibacter_michiganensis_CA00001|8328
WP_012039167.1|csp22_consensus|Full_Seq|Clavibacter|Clavibacter_michiganensis_NCPPB382|163	WP_012038298.1|csp22_consensus|Full_Seq|Clavibacter|Clavibacter_spp_CFBP7576|8332
WP_012039167.1|csp22_consensus|Full_Seq|Clavibacter|Clavibacter_michiganensis_NCPPB382|163	WP_012038298.1|csp22_consensus|Full_Seq|Clavibacter|Clavibacter_spp_CFBP8019|8336
WP_012039167.1|csp22_consensus|Full_Seq|Clavibacter|Clavibacter_michiganensis_NCPPB382|163	WP_012038298.1|csp22_consensus|Full_Seq|Clavibacter|Clavibacter_spp_CFBP7494|8340
WP_012039167.1|csp22_consensus|Full_Seq|Clavibacter|Clavibacter_michiganensis_NCPPB382|163	WP_012038298.1|csp22_consensus|Full_Seq|Clavibacter|Clavibacter_tessellarius_CFBP8017|8344
WP_012039167.1|csp22_consensus|Full_Seq|Clavibacter|Clavibacter_michiganensis_NCPPB382|163	WP_012038298.1|csp22_consensus|Full_Seq|Clavibacter|Clavibacter_michiganensis_CASJ004|8388
WP_012039167.1|csp22_consensus|Full_Seq|Clavibacter|Clavibacter_michiganensis_NCPPB382|163	WP_012038298.1|csp22_consensus|Full_Seq|Clavibacter|Clavibacter_sepedonicus_CFIA-Cs3N|8679
WP_012039167.1|csp22_consensus|Full_Seq|Clavibacter|Clavibacter_michiganensis_NCPPB382|163	WP_094171047.1|csp22_consensus|Full_Seq|Clavibacter|Clavibacter_insidiosus_LMG3663|8686
WP_012039167.1|csp22_consensus|Full_Seq|Clavibacter|Clavibacter_michiganensis_NCPPB382|163	WP_012038298.1|csp22_consensus|Full_Seq|Clavibacter|Clavibacter_sepedonicus_CFIA-CsR14|8687
WP_012039167.1|csp22_consensus|Full_Seq|Clavibacter|Clavibacter_michiganensis_NCPPB382|163	WP_012038298.1|csp22_consensus|Full_Seq|Clavibacter|Clavibacter_tessellarius_ATCC33566|8691
WP_012039167.1|csp22_consensus|Full_Seq|Clavibacter|Clavibacter_michiganensis_NCPPB382|163	WP_012038298.1|csp22_consensus|Full_Seq|Clavibacter|Clavibacter_spp_AY1B3|10660
WP_012039167.1|csp22_consensus|Full_Seq|Clavibacter|Clavibacter_michiganensis_NCPPB382|163	WP_012038298.1|csp22_consensus|Full_Seq|Clavibacter|Clavibacter_spp_AY1A6|10664
WP_012039167.1|csp22_consensus|Full_Seq|Clavibacter|Clavibacter_michiganensis_NCPPB382|163	WP_012038298.1|csp22_consensus|Full_Seq|Clavibacter|Clavibacter_spp_AY1B2|10667
WP_012039167.1|csp22_consensus|Full_Seq|Clavibacter|Clavibacter_michiganensis_NCPPB382|163	WP_012038298.1|csp22_consensus|Full_Seq|Clavibacter|Clavibacter_michiganensis_Z002|10683
WP_012039167.1|csp22_consensus|Full_Seq|Clavibacter|Clavibacter_michiganensis_NCPPB382|163	WP_012038298.1|csp22_consensus|Full_Seq|Clavibacter|Clavibacter_michiganensis_Z001|10691
WP_012039167.1|csp22_consensus|Full_Seq|Clavibacter|Clavibacter_michiganensis_NCPPB382|163	WP_045527920.1|csp22_consensus|Full_Seq|Clavibacter|Clavibacter_insidiosus_R1-3|11609
WP_012039167.1|csp22_consensus|Full_Seq|Clavibacter|Clavibacter_michiganensis_NCPPB382|163	WP_108742678.1|csp22_consensus|Full_Seq|Clavibacter|Clavibacter_insidiosus_ATCC10253|11615
WP_012039167.1|csp22_consensus|Full_Seq|Clavibacter|Clavibacter_michiganensis_NCPPB382|163	WP_094171047.1|csp22_consensus|Full_Seq|Clavibacter|Clavibacter_insidiosus_CFBP1195|14578
WP_012039167.1|csp22_consensus|Full_Seq|Clavibacter|Clavibacter_michiganensis_NCPPB382|163	WP_012038298.1|csp22_consensus|Full_Seq|Clavibacter|Clavibacter_californiensis_CFBP8216|14579
WP_012039167.1|csp22_consensus|Full_Seq|Clavibacter|Clavibacter_michiganensis_NCPPB382|163	WP_012038298.1|csp22_consensus|Full_Seq|Clavibacter|Clavibacter_spp_CFBP7491|14583
WP_012039167.1|csp22_consensus|Full_Seq|Clavibacter|Clavibacter_michiganensis_NCPPB382|163	WP_012038298.1|csp22_consensus|Full_Seq|Clavibacter|Clavibacter_spp_CFBP7493|14587
WP_012039167.1|csp22_consensus|Full_Seq|Clavibacter|Clavibacter_michiganensis_NCPPB382|163	WP_012038298.1|csp22_consensus|Full_Seq|Clavibacter|Clavibacter_chilensis_CFBP8217|14591
WP_012039167.1|csp22_consensus|Full_Seq|Clavibacter|Clavibacter_michiganensis_NCPPB382|163	WP_012038298.1|csp22_consensus|Full_Seq|Clavibacter|Clavibacter_spp_CFBP8615|14595
WP_012039167.1|csp22_consensus|Full_Seq|Clavibacter|Clavibacter_michiganensis_NCPPB382|163	WP_012038298.1|csp22_consensus|Full_Seq|Clavibacter|Clavibacter_spp_CFBP8616|14599
WP_012039167.1|csp22_consensus|Full_Seq|Clavibacter|Clavibacter_michiganensis_NCPPB382|163	WP_012038298.1|csp22_consensus|Full_Seq|Clavibacter|Clavibacter_phaseoli_CFBP8627|14603
WP_012039167.1|csp22_consensus|Full_Seq|Clavibacter|Clavibacter_michiganensis_NCPPB382|163	WP_094171047.1|csp22_consensus|Full_Seq|Clavibacter|Clavibacter_insidiosus_CFBP2404|14997
WP_012039167.1|csp22_consensus|Full_Seq|Clavibacter|Clavibacter_michiganensis_NCPPB382|163	WP_012038298.1|csp22_consensus|Full_Seq|Clavibacter|Clavibacter_michiganensis_CFBP4999|14998
WP_012039167.1|csp22_consensus|Full_Seq|Clavibacter|Clavibacter_michiganensis_NCPPB382|163	WP_012038298.1|csp22_consensus|Full_Seq|Clavibacter|Clavibacter_nebraskensis_HF4|19266
WP_012039167.1|csp22_consensus|Full_Seq|Clavibacter|Clavibacter_michiganensis_NCPPB382|163	WP_012038298.1|csp22_consensus|Full_Seq|Clavibacter|Clavibacter_nebraskensis_61-1|19270
WP_012039167.1|csp22_consensus|Full_Seq|Clavibacter|Clavibacter_michiganensis_NCPPB382|163	WP_012038298.1|csp22_consensus|Full_Seq|Clavibacter|Clavibacter_michiganensis_UF1|19274
WP_012039167.1|csp22_consensus|Full_Seq|Clavibacter|Clavibacter_michiganensis_NCPPB382|163	WP_012038298.1|csp22_consensus|Full_Seq|Clavibacter|Clavibacter_michiganensis_NZ2541|19469
WP_012039167.1|csp22_consensus|Full_Seq|Clavibacter|Clavibacter_michiganensis_NCPPB382|163	WP_012038298.1|csp22_consensus|Full_Seq|Clavibacter|Clavibacter_michiganensis_ATCC14456|19473
WP_012039167.1|csp22_consensus|Full_Seq|Clavibacter|Clavibacter_michiganensis_NCPPB382|163	WP_012038298.1|csp22_consensus|Full_Seq|Clavibacter|Clavibacter_michiganensis_CFBP7315|19476
WP_012039167.1|csp22_consensus|Full_Seq|Clavibacter|Clavibacter_michiganensis_NCPPB382|163	WP_012038298.1|csp22_consensus|Full_Seq|Clavibacter|Clavibacter_michiganensis_CFBP7314|19479
WP_012039167.1|csp22_consensus|Full_Seq|Clavibacter|Clavibacter_michiganensis_NCPPB382|163	WP_012038298.1|csp22_consensus|Full_Seq|Clavibacter|Clavibacter_michiganensis_CFBP7568|19482
WP_012039167.1|csp22_consensus|Full_Seq|Clavibacter|Clavibacter_michiganensis_NCPPB382|163	WP_012038298.1|csp22_consensus|Full_Seq|Clavibacter|Clavibacter_michiganensis_CFBP2494|19485
WP_012039167.1|csp22_consensus|Full_Seq|Clavibacter|Clavibacter_michiganensis_NCPPB382|163	WP_012038298.1|csp22_consensus|Full_Seq|Clavibacter|Clavibacter_michiganensis_ARZ28|19488
WP_012039167.1|csp22_consensus|Full_Seq|Clavibacter|Clavibacter_michiganensis_NCPPB382|163	WP_012038298.1|csp22_consensus|Full_Seq|Clavibacter|Clavibacter_michiganensis_CFBP6885|19491
WP_012039167.1|csp22_consensus|Full_Seq|Clavibacter|Clavibacter_michiganensis_NCPPB382|163	WP_012038298.1|csp22_consensus|Full_Seq|Clavibacter|Clavibacter_michiganensis_CFBP7316|19494
WP_012039167.1|csp22_consensus|Full_Seq|Clavibacter|Clavibacter_michiganensis_NCPPB382|163	WP_012038298.1|csp22_consensus|Full_Seq|Clavibacter|Clavibacter_michiganensis_CFBP7488|19497
WP_012039167.1|csp22_consensus|Full_Seq|Clavibacter|Clavibacter_michiganensis_NCPPB382|163	WP_012038298.1|csp22_consensus|Full_Seq|Clavibacter|Clavibacter_michiganensis_NZ1811|19500
WP_012039167.1|csp22_consensus|Full_Seq|Clavibacter|Clavibacter_michiganensis_NCPPB382|163	WP_012038298.1|csp22_consensus|Full_Seq|Clavibacter|Clavibacter_michiganensis_CFBP7589|19503
WP_012039167.1|csp22_consensus|Full_Seq|Clavibacter|Clavibacter_michiganensis_NCPPB382|163	WP_012038298.1|csp22_consensus|Full_Seq|Clavibacter|Clavibacter_michiganensis_NZ5026|19506
WP_012039167.1|csp22_consensus|Full_Seq|Clavibacter|Clavibacter_michiganensis_NCPPB382|163	WP_012038298.1|csp22_consensus|Full_Seq|Clavibacter|Clavibacter_michiganensis_CFBP1465|19509
WP_012039167.1|csp22_consensus|Full_Seq|Clavibacter|Clavibacter_michiganensis_NCPPB382|163	WP_012038298.1|csp22_consensus|Full_Seq|Clavibacter|Clavibacter_michiganensis_CFBP1940|19512
WP_012039167.1|csp22_consensus|Full_Seq|Clavibacter|Clavibacter_michiganensis_NCPPB382|163	WP_012038298.1|csp22_consensus|Full_Seq|Clavibacter|Clavibacter_michiganensis_ATCC10202|19515
WP_012039167.1|csp22_consensus|Full_Seq|Clavibacter|Clavibacter_michiganensis_NCPPB382|163	WP_012038298.1|csp22_consensus|Full_Seq|Clavibacter|Clavibacter_michiganensis_CFBP2500|19518
WP_012039167.1|csp22_consensus|Full_Seq|Clavibacter|Clavibacter_michiganensis_NCPPB382|163	WP_012038298.1|csp22_consensus|Full_Seq|Clavibacter|Clavibacter_michiganensis_CFBP5842|19521
WP_012039167.1|csp22_consensus|Full_Seq|Clavibacter|Clavibacter_michiganensis_NCPPB382|163	WP_012038298.1|csp22_consensus|Full_Seq|Clavibacter|Clavibacter_michiganensis_CFBP7158|19524
WP_012039167.1|csp22_consensus|Full_Seq|Clavibacter|Clavibacter_michiganensis_NCPPB382|163	WP_012038298.1|csp22_consensus|Full_Seq|Clavibacter|Clavibacter_michiganensis_CFBP7311|19527
WP_012039167.1|csp22_consensus|Full_Seq|Clavibacter|Clavibacter_michiganensis_NCPPB382|163	WP_012038298.1|csp22_consensus|Full_Seq|Clavibacter|Clavibacter_michiganensis_CFBP7312|19530
WP_012039167.1|csp22_consensus|Full_Seq|Clavibacter|Clavibacter_michiganensis_NCPPB382|163	WP_012038298.1|csp22_consensus|Full_Seq|Clavibacter|Clavibacter_michiganensis_OP3|20045
WP_012039167.1|csp22_consensus|Full_Seq|Clavibacter|Clavibacter_michiganensis_NCPPB382|163	WP_012038298.1|csp22_consensus|Full_Seq|Clavibacter|Clavibacter_capsici_1106|20048
WP_012039167.1|csp22_consensus|Full_Seq|Clavibacter|Clavibacter_michiganensis_NCPPB382|163	WP_012038298.1|csp22_consensus|Full_Seq|Clavibacter|Clavibacter_capsici_1101|20052
WP_012039167.1|csp22_consensus|Full_Seq|Clavibacter|Clavibacter_michiganensis_NCPPB382|163	WP_012038298.1|csp22_consensus|Full_Seq|Clavibacter|Clavibacter_michiganensis_MSF322|20091
WP_012039167.1|csp22_consensus|Full_Seq|Clavibacter|Clavibacter_michiganensis_NCPPB382|163	WP_012038298.1|csp22_consensus|Full_Seq|Clavibacter|Clavibacter_michiganensis_VL527|20095
WP_012039167.1|csp22_consensus|Full_Seq|Clavibacter|Clavibacter_michiganensis_NCPPB382|163	WP_012038298.1|csp22_consensus|Full_Seq|Clavibacter|Clavibacter_spp_DM1|24430
WP_012039167.1|csp22_consensus|Full_Seq|Clavibacter|Clavibacter_michiganensis_NCPPB382|163	WP_012038298.1|csp22_consensus|Full_Seq|Clavibacter|Clavibacter_michiganensis_1217|24627
WP_012039167.1|csp22_consensus|Full_Seq|Clavibacter|Clavibacter_michiganensis_NCPPB382|163	WP_012038298.1|csp22_consensus|Full_Seq|Clavibacter|Clavibacter_spp_VKMAc-2873|24878
WP_012039167.1|csp22_consensus|Full_Seq|Clavibacter|Clavibacter_michiganensis_NCPPB382|163	WP_012038298.1|csp22_consensus|Full_Seq|Clavibacter|Clavibacter_spp_VKMAc-2872|24889
WP_012039167.1|csp22_consensus|Full_Seq|Clavibacter|Clavibacter_michiganensis_NCPPB382|163	WP_012038298.1|csp22_consensus|Full_Seq|Clavibacter|Clavibacter_spp_VKMAc-2542|24893
WP_012039167.1|csp22_consensus|Full_Seq|Clavibacter|Clavibacter_michiganensis_NCPPB382|163	WP_012038298.1|csp22_consensus|Full_Seq|Clavibacter|Clavibacter_phaseoli_VKMAc-2886|24897
WP_012039167.1|csp22_consensus|Full_Seq|Clavibacter|Clavibacter_michiganensis_NCPPB382|163	WP_012038298.1|csp22_consensus|Full_Seq|Clavibacter|Clavibacter_michiganensis_VKMAc-1790|24901
WP_012039167.1|csp22_consensus|Full_Seq|Clavibacter|Clavibacter_michiganensis_NCPPB382|163	WP_012038298.1|csp22_consensus|Full_Seq|Clavibacter|Clavibacter_spp_DM3|26655
WP_012039167.1|csp22_consensus|Full_Seq|Clavibacter|Clavibacter_michiganensis_NCPPB382|163	WP_012038298.1|csp22_consensus|Full_Seq|Clavibacter|Clavibacter_michiganensis_PvP098|26674
WP_012039167.1|csp22_consensus|Full_Seq|Clavibacter|Clavibacter_michiganensis_NCPPB382|163	WP_012038298.1|csp22_consensus|Full_Seq|Clavibacter|Clavibacter_michiganensis_PvP097|26678
WP_012039167.1|csp22_consensus|Full_Seq|Clavibacter|Clavibacter_michiganensis_NCPPB382|163	WP_012038298.1|csp22_consensus|Full_Seq|Clavibacter|Clavibacter_michiganensis_PvP036|27921
WP_012039167.1|csp22_consensus|Full_Seq|Clavibacter|Clavibacter_michiganensis_NCPPB382|163	WP_012038298.1|csp22_consensus|Full_Seq|Clavibacter|Clavibacter_spp_CFBP3399|28608
WP_012039167.1|csp22_consensus|Full_Seq|Clavibacter|Clavibacter_michiganensis_NCPPB382|163	WP_012038298.1|csp22_consensus|Full_Seq|Clavibacter|Clavibacter_michiganensis_VQ28|29233
WP_012039167.1|csp22_consensus|Full_Seq|Clavibacter|Clavibacter_michiganensis_NCPPB382|163	WP_012038298.1|csp22_consensus|Full_Seq|Clavibacter|Clavibacter_michiganensis_VQ143|29237
WP_012039167.1|csp22_consensus|Full_Seq|Clavibacter|Clavibacter_michiganensis_NCPPB382|163	WP_012038298.1|csp22_consensus|Full_Seq|Clavibacter|Clavibacter_michiganensis_317|29377
WP_012039167.1|csp22_consensus|Full_Seq|Clavibacter|Clavibacter_michiganensis_NCPPB382|163	WP_012038298.1|csp22_consensus|Full_Seq|Clavibacter|Clavibacter_michiganensis_VKMAc-1403|30442
